reading_date,time_slot,base_load_kw,solar_gen_kw,outdoor_temp_c,grid_tariff_lkr_kwh,zone_occupancy_count
2026-06-01,00:00,194.1,1.5,26.5,15.0,25
2026-06-01,00:30,179.7,0.0,25.2,15.0,23
2026-06-01,01:00,183.0,0.0,25.3,15.0,0
2026-06-01,01:30,181.7,2.8,25.8,15.0,5
2026-06-01,02:00,197.4,0.6,25.3,15.0,18
2026-06-01,02:30,176.1,0.0,24.8,15.0,1
2026-06-01,03:00,185.0,0.0,25.1,15.0,5
2026-06-01,03:30,179.5,0.0,25.1,15.0,24
2026-06-01,04:00,192.9,0.0,25.8,15.0,14
2026-06-01,04:30,180.9,0.0,26.1,15.0,20
2026-06-01,05:00,192.8,0.0,26.4,15.0,0
2026-06-01,05:30,185.0,0.0,26.5,15.0,20
2026-06-01,06:00,184.1,1.5,26.3,30.0,5
2026-06-01,06:30,181.5,25.6,26.9,30.0,0
2026-06-01,07:00,203.7,44.3,28.3,30.0,0
2026-06-01,07:30,168.6,66.2,27.9,30.0,7
2026-06-01,08:00,520.4,92.4,29.4,30.0,208
2026-06-01,08:30,533.5,109.8,29.0,30.0,220
2026-06-01,09:00,559.9,123.0,30.2,30.0,532
2026-06-01,09:30,557.5,142.5,30.9,30.0,511
2026-06-01,10:00,577.2,156.4,31.1,30.0,534
2026-06-01,10:30,569.0,166.6,31.1,30.0,529
2026-06-01,11:00,578.4,170.7,31.9,30.0,518
2026-06-01,11:30,574.7,176.8,32.7,30.0,517
2026-06-01,12:00,584.3,174.2,32.7,30.0,377
2026-06-01,12:30,587.2,175.7,33.0,30.0,391
2026-06-01,13:00,599.0,170.1,33.2,30.0,530
2026-06-01,13:30,593.2,165.5,33.5,30.0,517
2026-06-01,14:00,612.8,152.5,33.7,30.0,518
2026-06-01,14:30,611.8,142.0,33.9,30.0,530
2026-06-01,15:00,607.7,127.0,33.2,30.0,533
2026-06-01,15:30,591.2,112.2,33.5,30.0,533
2026-06-01,16:00,568.0,91.5,33.0,30.0,206
2026-06-01,16:30,588.0,69.9,33.8,30.0,218
2026-06-01,17:00,563.4,42.2,32.7,30.0,214
2026-06-01,17:30,574.5,30.0,32.9,30.0,223
2026-06-01,18:00,262.2,3.7,32.4,58.0,16
2026-06-01,18:30,226.5,1.2,31.1,58.0,12
2026-06-01,19:00,223.8,3.9,30.8,58.0,5
2026-06-01,19:30,223.9,1.5,30.2,58.0,0
2026-06-01,20:00,230.4,0.2,30.1,58.0,10
2026-06-01,20:30,203.7,0.0,29.5,58.0,10
2026-06-01,21:00,224.9,0.0,29.5,58.0,14
2026-06-01,21:30,204.6,0.0,29.0,58.0,3
2026-06-01,22:00,179.9,0.0,28.1,58.0,9
2026-06-01,22:30,186.8,0.0,27.1,58.0,20
2026-06-01,23:00,191.7,1.3,27.3,30.0,21
2026-06-01,23:30,158.1,0.4,26.3,30.0,17
2026-06-02,00:00,189.3,2.1,26.7,15.0,0
2026-06-02,00:30,183.4,2.6,25.6,15.0,21
2026-06-02,01:00,198.7,0.9,25.7,15.0,14
2026-06-02,01:30,177.2,0.0,25.3,15.0,25
2026-06-02,02:00,207.2,1.5,25.2,15.0,20
2026-06-02,02:30,172.1,2.7,25.2,15.0,10
2026-06-02,03:00,178.5,0.0,25.0,15.0,24
2026-06-02,03:30,188.7,0.0,24.9,15.0,14
2026-06-02,04:00,179.4,0.0,25.7,15.0,13
2026-06-02,04:30,179.8,0.0,26.2,15.0,0
2026-06-02,05:00,187.0,0.0,25.8,15.0,4
2026-06-02,05:30,173.8,0.0,26.8,15.0,0
2026-06-02,06:00,189.7,0.0,27.4,30.0,19
2026-06-02,06:30,190.8,25.9,27.9,30.0,16
2026-06-02,07:00,207.3,55.0,28.4,30.0,0
2026-06-02,07:30,191.4,76.9,28.3,30.0,20
2026-06-02,08:00,531.1,104.3,29.3,30.0,234
2026-06-02,08:30,526.6,127.3,29.9,30.0,233
2026-06-02,09:00,518.3,141.0,29.6,30.0,233
2026-06-02,09:30,544.0,157.0,31.2,30.0,210
2026-06-02,10:00,540.8,179.1,31.4,30.0,221
2026-06-02,10:30,545.9,188.8,31.6,30.0,233
2026-06-02,11:00,564.2,200.7,31.9,30.0,222
2026-06-02,11:30,580.7,206.5,33.2,30.0,208
2026-06-02,12:00,568.8,209.1,32.8,30.0,86
2026-06-02,12:30,555.2,200.2,32.8,30.0,101
2026-06-02,13:00,582.6,198.9,33.8,30.0,218
2026-06-02,13:30,574.7,192.3,33.7,30.0,221
2026-06-02,14:00,581.8,176.1,34.0,30.0,225
2026-06-02,14:30,580.7,164.0,33.6,30.0,231
2026-06-02,15:00,588.9,147.4,33.4,30.0,228
2026-06-02,15:30,592.0,127.2,34.1,30.0,226
2026-06-02,16:00,571.4,102.9,33.1,30.0,215
2026-06-02,16:30,584.7,76.0,33.6,30.0,218
2026-06-02,17:00,566.3,49.4,33.2,30.0,226
2026-06-02,17:30,571.8,27.4,32.3,30.0,218
2026-06-02,18:00,230.2,2.8,32.2,58.0,8
2026-06-02,18:30,228.0,0.0,31.2,58.0,14
2026-06-02,19:00,226.3,1.1,31.4,58.0,5
2026-06-02,19:30,217.9,0.0,30.7,58.0,17
2026-06-02,20:00,235.6,1.2,29.6,58.0,10
2026-06-02,20:30,219.2,2.2,30.1,58.0,15
2026-06-02,21:00,191.9,0.0,28.7,58.0,9
2026-06-02,21:30,205.7,2.5,28.7,58.0,20
2026-06-02,22:00,210.2,0.9,28.3,58.0,22
2026-06-02,22:30,167.1,0.0,27.0,58.0,8
2026-06-02,23:00,176.9,0.8,27.5,30.0,3
2026-06-02,23:30,184.9,0.7,26.6,30.0,6
2026-06-03,00:00,184.5,4.7,25.9,15.0,21
2026-06-03,00:30,184.0,2.3,26.3,15.0,0
2026-06-03,01:00,176.4,3.7,25.3,15.0,19
2026-06-03,01:30,191.5,0.0,25.2,15.0,11
2026-06-03,02:00,178.4,0.0,24.8,15.0,19
2026-06-03,02:30,192.7,3.4,25.6,15.0,2
2026-06-03,03:00,176.0,0.0,25.5,15.0,24
2026-06-03,03:30,186.5,2.8,25.6,15.0,12
2026-06-03,04:00,171.0,0.0,25.5,15.0,1
2026-06-03,04:30,178.9,0.0,26.0,15.0,3
2026-06-03,05:00,167.3,0.0,26.0,15.0,24
2026-06-03,05:30,186.5,0.0,27.1,15.0,0
2026-06-03,06:00,171.7,1.3,27.5,30.0,20
2026-06-03,06:30,184.2,19.9,27.8,30.0,13
2026-06-03,07:00,198.5,58.3,28.2,30.0,0
2026-06-03,07:30,206.1,77.5,28.5,30.0,25
2026-06-03,08:00,527.1,101.1,29.6,30.0,219
2026-06-03,08:30,543.3,124.2,30.1,30.0,227
2026-06-03,09:00,534.1,149.0,29.7,30.0,235
2026-06-03,09:30,548.7,158.4,31.3,30.0,223
2026-06-03,10:00,525.0,177.3,30.9,30.0,235
2026-06-03,10:30,561.3,184.9,31.7,30.0,219
2026-06-03,11:00,558.8,194.8,31.9,30.0,227
2026-06-03,11:30,589.8,203.9,33.1,30.0,221
2026-06-03,12:00,548.4,203.4,33.7,30.0,79
2026-06-03,12:30,555.4,198.8,33.2,30.0,85
2026-06-03,13:00,563.1,199.4,33.1,30.0,208
2026-06-03,13:30,566.2,188.3,33.4,30.0,223
2026-06-03,14:00,590.9,175.5,34.0,30.0,208
2026-06-03,14:30,567.7,154.2,33.9,30.0,208
2026-06-03,15:00,593.3,145.0,34.2,30.0,208
2026-06-03,15:30,556.8,126.4,33.5,30.0,211
2026-06-03,16:00,573.0,102.0,33.1,30.0,232
2026-06-03,16:30,582.6,74.6,33.5,30.0,222
2026-06-03,17:00,567.6,55.0,32.9,30.0,207
2026-06-03,17:30,568.7,27.4,32.9,30.0,224
2026-06-03,18:00,239.0,0.0,32.0,58.0,2
2026-06-03,18:30,242.1,0.3,31.6,58.0,4
2026-06-03,19:00,221.3,3.9,30.8,58.0,20
2026-06-03,19:30,219.2,0.0,31.2,58.0,19
2026-06-03,20:00,220.0,0.0,30.6,58.0,2
2026-06-03,20:30,211.5,2.6,29.3,58.0,20
2026-06-03,21:00,204.8,0.0,28.9,58.0,11
2026-06-03,21:30,207.7,0.0,29.0,58.0,16
2026-06-03,22:00,184.5,0.0,28.0,58.0,13
2026-06-03,22:30,191.1,0.0,27.5,58.0,20
2026-06-03,23:00,184.9,6.2,27.3,30.0,0
2026-06-03,23:30,176.0,0.0,26.1,30.0,17
2026-06-04,00:00,175.5,0.0,26.5,15.0,14
2026-06-04,00:30,178.4,0.0,26.1,15.0,0
2026-06-04,01:00,170.0,0.0,25.6,15.0,6
2026-06-04,01:30,177.8,4.1,26.0,15.0,20
2026-06-04,02:00,173.0,2.2,25.0,15.0,8
2026-06-04,02:30,179.0,0.6,26.1,15.0,10
2026-06-04,03:00,176.4,2.2,26.1,15.0,0
2026-06-04,03:30,167.9,0.0,25.6,15.0,0
2026-06-04,04:00,184.2,0.0,25.5,15.0,25
2026-06-04,04:30,191.1,0.0,26.4,15.0,22
2026-06-04,05:00,195.6,0.0,25.8,15.0,22
2026-06-04,05:30,175.6,0.0,26.7,15.0,7
2026-06-04,06:00,171.3,0.8,27.6,30.0,2
2026-06-04,06:30,197.9,21.8,28.0,30.0,0
2026-06-04,07:00,180.6,45.3,28.0,30.0,2
2026-06-04,07:30,194.2,67.8,28.3,30.0,6
2026-06-04,08:00,533.5,92.1,29.7,30.0,205
2026-06-04,08:30,536.5,117.2,29.7,30.0,218
2026-06-04,09:00,531.8,133.4,29.9,30.0,229
2026-06-04,09:30,535.5,147.2,30.4,30.0,235
2026-06-04,10:00,549.2,161.9,31.2,30.0,225
2026-06-04,10:30,546.3,176.1,31.6,30.0,219
2026-06-04,11:00,573.8,179.3,32.7,30.0,230
2026-06-04,11:30,563.6,182.6,32.6,30.0,205
2026-06-04,12:00,568.1,186.7,33.6,30.0,87
2026-06-04,12:30,575.0,183.7,33.9,30.0,101
2026-06-04,13:00,563.4,183.0,33.3,30.0,231
2026-06-04,13:30,578.7,172.0,34.2,30.0,231
2026-06-04,14:00,591.6,158.2,34.5,30.0,218
2026-06-04,14:30,579.2,146.2,34.0,30.0,209
2026-06-04,15:00,592.1,131.2,33.9,30.0,223
2026-06-04,15:30,589.9,117.0,34.4,30.0,222
2026-06-04,16:00,579.5,94.1,33.6,30.0,208
2026-06-04,16:30,573.9,74.4,33.6,30.0,207
2026-06-04,17:00,569.4,51.8,33.1,30.0,210
2026-06-04,17:30,551.5,17.2,32.5,30.0,207
2026-06-04,18:00,238.1,0.0,32.0,58.0,23
2026-06-04,18:30,243.5,0.0,31.6,58.0,5
2026-06-04,19:00,248.4,0.0,32.0,58.0,16
2026-06-04,19:30,230.9,0.0,31.2,58.0,10
2026-06-04,20:00,235.0,0.3,30.5,58.0,15
2026-06-04,20:30,209.0,2.9,29.2,58.0,25
2026-06-04,21:00,202.7,2.6,29.2,58.0,2
2026-06-04,21:30,201.9,3.4,28.4,58.0,15
2026-06-04,22:00,193.1,0.4,28.0,58.0,17
2026-06-04,22:30,184.9,0.0,27.7,58.0,17
2026-06-04,23:00,195.6,0.0,27.0,30.0,7
2026-06-04,23:30,177.7,0.0,26.6,30.0,16
2026-06-05,00:00,183.3,1.9,26.5,15.0,18
2026-06-05,00:30,174.4,1.8,25.9,15.0,1
2026-06-05,01:00,188.2,0.0,25.4,15.0,0
2026-06-05,01:30,187.2,0.0,26.2,15.0,18
2026-06-05,02:00,181.6,0.0,26.2,15.0,14
2026-06-05,02:30,190.1,4.0,25.0,15.0,12
2026-06-05,03:00,190.4,7.0,25.7,15.0,15
2026-06-05,03:30,188.1,0.0,26.1,15.0,16
2026-06-05,04:00,172.6,2.0,26.4,15.0,6
2026-06-05,04:30,179.9,0.0,26.1,15.0,21
2026-06-05,05:00,203.7,0.0,26.3,15.0,3
2026-06-05,05:30,193.8,0.0,27.2,15.0,8
2026-06-05,06:00,183.5,0.0,27.8,30.0,21
2026-06-05,06:30,186.2,25.0,27.4,30.0,20
2026-06-05,07:00,186.6,52.6,28.0,30.0,17
2026-06-05,07:30,212.7,70.1,29.3,30.0,19
2026-06-05,08:00,527.6,98.7,29.6,30.0,223
2026-06-05,08:30,531.5,113.9,29.8,30.0,225
2026-06-05,09:00,535.6,131.3,30.8,30.0,214
2026-06-05,09:30,543.9,147.8,31.6,30.0,228
2026-06-05,10:00,576.7,157.9,31.8,30.0,227
2026-06-05,10:30,541.6,172.4,32.2,30.0,227
2026-06-05,11:00,561.5,178.5,32.9,30.0,218
2026-06-05,11:30,564.0,188.6,32.9,30.0,218
2026-06-05,12:00,553.5,189.4,32.8,30.0,75
2026-06-05,12:30,579.1,184.9,33.7,30.0,76
2026-06-05,13:00,580.8,179.9,34.1,30.0,207
2026-06-05,13:30,589.4,168.2,34.0,30.0,224
2026-06-05,14:00,583.0,161.8,33.6,30.0,218
2026-06-05,14:30,580.4,146.8,34.7,30.0,226
2026-06-05,15:00,583.9,131.8,34.4,30.0,232
2026-06-05,15:30,580.9,118.9,33.6,30.0,224
2026-06-05,16:00,574.4,89.5,34.4,30.0,213
2026-06-05,16:30,584.5,70.0,33.4,30.0,230
2026-06-05,17:00,579.9,45.4,33.5,30.0,233
2026-06-05,17:30,566.7,27.6,33.1,30.0,227
2026-06-05,18:00,258.9,0.0,32.9,58.0,0
2026-06-05,18:30,245.7,0.9,32.7,58.0,0
2026-06-05,19:00,249.6,1.7,32.1,58.0,2
2026-06-05,19:30,240.8,3.9,30.7,58.0,0
2026-06-05,20:00,218.6,1.3,31.0,58.0,0
2026-06-05,20:30,229.1,0.0,30.4,58.0,24
2026-06-05,21:00,212.6,1.7,29.6,58.0,0
2026-06-05,21:30,194.0,1.2,28.8,58.0,25
2026-06-05,22:00,198.2,0.0,28.6,58.0,19
2026-06-05,22:30,196.2,0.0,28.3,58.0,7
2026-06-05,23:00,175.4,0.0,27.0,30.0,19
2026-06-05,23:30,181.6,0.0,27.3,30.0,24
2026-06-06,00:00,173.7,0.0,26.5,15.0,0
2026-06-06,00:30,195.2,2.5,26.8,15.0,10
2026-06-06,01:00,192.4,0.0,26.4,15.0,4
2026-06-06,01:30,178.7,0.0,25.7,15.0,14
2026-06-06,02:00,180.1,3.2,26.3,15.0,0
2026-06-06,02:30,187.6,4.8,25.8,15.0,17
2026-06-06,03:00,167.5,1.6,25.5,15.0,0
2026-06-06,03:30,179.3,0.0,26.1,15.0,0
2026-06-06,04:00,169.4,0.0,25.9,15.0,5
2026-06-06,04:30,176.4,3.9,26.2,15.0,7
2026-06-06,05:00,186.5,0.0,26.5,15.0,9
2026-06-06,05:30,179.1,0.0,27.0,15.0,9
2026-06-06,06:00,194.4,3.6,27.5,30.0,17
2026-06-06,06:30,181.7,5.2,27.3,30.0,0
2026-06-06,07:00,196.4,20.1,28.9,30.0,4
2026-06-06,07:30,203.3,36.0,28.6,30.0,14
2026-06-06,08:00,229.4,44.8,29.9,30.0,0
2026-06-06,08:30,211.6,50.4,30.5,30.0,12
2026-06-06,09:00,248.5,59.3,31.0,30.0,30
2026-06-06,09:30,227.8,67.7,30.5,30.0,10
2026-06-06,10:00,236.7,75.3,31.9,30.0,3
2026-06-06,10:30,249.4,84.9,31.6,30.0,2
2026-06-06,11:00,257.7,85.0,32.4,30.0,21
2026-06-06,11:30,255.9,84.5,33.2,30.0,3
2026-06-06,12:00,263.1,90.2,33.0,30.0,3
2026-06-06,12:30,255.9,81.6,33.4,30.0,9
2026-06-06,13:00,258.1,83.1,33.9,30.0,13
2026-06-06,13:30,276.7,81.0,33.8,30.0,12
2026-06-06,14:00,256.0,74.5,34.5,30.0,14
2026-06-06,14:30,265.8,67.4,33.8,30.0,3
2026-06-06,15:00,269.3,60.6,34.8,30.0,8
2026-06-06,15:30,274.6,48.7,34.2,30.0,0
2026-06-06,16:00,263.2,41.8,34.6,30.0,6
2026-06-06,16:30,260.3,32.8,33.5,30.0,23
2026-06-06,17:00,258.4,22.3,33.4,30.0,0
2026-06-06,17:30,235.9,8.7,32.8,30.0,0
2026-06-06,18:00,249.3,1.2,32.1,58.0,5
2026-06-06,18:30,246.6,0.0,32.5,58.0,2
2026-06-06,19:00,241.0,0.0,31.4,58.0,18
2026-06-06,19:30,229.1,4.7,31.4,58.0,8
2026-06-06,20:00,221.6,0.5,30.8,58.0,0
2026-06-06,20:30,212.4,0.0,29.9,58.0,0
2026-06-06,21:00,209.7,0.0,29.1,58.0,0
2026-06-06,21:30,204.5,0.0,29.0,58.0,3
2026-06-06,22:00,193.9,0.0,28.6,58.0,0
2026-06-06,22:30,194.2,5.8,28.3,58.0,11
2026-06-06,23:00,168.0,0.0,27.2,30.0,0
2026-06-06,23:30,173.9,5.8,26.7,30.0,0
2026-06-07,00:00,182.9,1.5,26.3,15.0,18
2026-06-07,00:30,176.5,0.0,27.0,15.0,12
2026-06-07,01:00,175.2,0.2,26.6,15.0,0
2026-06-07,01:30,187.2,0.0,26.0,15.0,15
2026-06-07,02:00,175.4,1.1,26.4,15.0,8
2026-06-07,02:30,174.3,1.9,26.2,15.0,0
2026-06-07,03:00,193.3,5.6,25.4,15.0,20
2026-06-07,03:30,175.6,4.6,25.9,15.0,0
2026-06-07,04:00,185.4,0.8,25.8,15.0,18
2026-06-07,04:30,178.2,0.0,26.1,15.0,17
2026-06-07,05:00,182.9,4.1,26.9,15.0,19
2026-06-07,05:30,183.0,0.0,27.3,15.0,0
2026-06-07,06:00,183.5,4.7,27.8,30.0,19
2026-06-07,06:30,176.7,28.4,27.4,30.0,3
2026-06-07,07:00,207.5,54.8,28.9,30.0,6
2026-06-07,07:30,198.4,81.1,29.4,30.0,5
2026-06-07,08:00,204.6,103.8,29.3,30.0,0
2026-06-07,08:30,225.7,128.6,30.6,30.0,16
2026-06-07,09:00,231.5,146.7,31.2,30.0,9
2026-06-07,09:30,243.7,159.5,31.3,30.0,22
2026-06-07,10:00,250.7,176.2,32.3,30.0,19
2026-06-07,10:30,235.1,187.5,31.8,30.0,8
2026-06-07,11:00,259.2,201.3,33.2,30.0,6
2026-06-07,11:30,246.6,206.8,32.6,30.0,1
2026-06-07,12:00,267.5,204.8,33.8,30.0,0
2026-06-07,12:30,256.7,204.4,34.1,30.0,0
2026-06-07,13:00,256.6,204.1,34.2,30.0,28
2026-06-07,13:30,274.0,186.9,34.8,30.0,2
2026-06-07,14:00,266.7,175.0,34.3,30.0,13
2026-06-07,14:30,260.7,161.4,34.2,30.0,6
2026-06-07,15:00,293.9,148.2,34.7,30.0,12
2026-06-07,15:30,270.4,123.0,34.1,30.0,25
2026-06-07,16:00,267.6,98.5,34.1,30.0,2
2026-06-07,16:30,248.6,79.8,33.2,30.0,11
2026-06-07,17:00,269.5,55.5,34.1,30.0,17
2026-06-07,17:30,252.8,27.6,33.3,30.0,13
2026-06-07,18:00,243.1,0.0,32.3,58.0,9
2026-06-07,18:30,241.9,8.1,32.7,58.0,0
2026-06-07,19:00,248.2,2.8,31.7,58.0,0
2026-06-07,19:30,215.3,5.6,31.6,58.0,19
2026-06-07,20:00,221.3,2.1,30.3,58.0,11
2026-06-07,20:30,224.5,1.9,29.9,58.0,0
2026-06-07,21:00,219.0,4.0,29.9,58.0,19
2026-06-07,21:30,199.5,0.0,29.4,58.0,0
2026-06-07,22:00,197.8,0.0,28.8,58.0,11
2026-06-07,22:30,195.8,0.0,27.7,58.0,0
2026-06-07,23:00,188.2,1.2,28.0,30.0,4
2026-06-07,23:30,183.5,0.0,26.6,30.0,0
2026-06-08,00:00,178.2,5.3,27.0,15.0,25
2026-06-08,00:30,172.2,1.1,26.8,15.0,11
2026-06-08,01:00,187.7,1.6,26.4,15.0,4
2026-06-08,01:30,184.2,2.1,25.6,15.0,4
2026-06-08,02:00,171.4,1.9,26.1,15.0,2
2026-06-08,02:30,173.8,0.0,25.3,15.0,4
2026-06-08,03:00,177.9,0.0,26.0,15.0,0
2026-06-08,03:30,183.0,0.0,25.7,15.0,21
2026-06-08,04:00,188.2,0.7,26.0,15.0,13
2026-06-08,04:30,184.8,0.0,26.2,15.0,1
2026-06-08,05:00,200.5,0.0,26.5,15.0,2
2026-06-08,05:30,181.8,0.0,27.6,15.0,25
2026-06-08,06:00,182.5,0.0,27.3,30.0,13
2026-06-08,06:30,187.6,28.5,27.7,30.0,5
2026-06-08,07:00,198.3,57.9,28.2,30.0,18
2026-06-08,07:30,216.1,80.1,29.5,30.0,19
2026-06-08,08:00,518.9,99.2,29.9,30.0,220
2026-06-08,08:30,546.2,116.2,30.6,30.0,227
2026-06-08,09:00,554.6,143.6,31.1,30.0,222
2026-06-08,09:30,543.6,158.6,31.1,30.0,216
2026-06-08,10:00,556.0,173.4,31.3,30.0,226
2026-06-08,10:30,567.2,188.1,32.8,30.0,216
2026-06-08,11:00,567.9,195.8,32.6,30.0,211
2026-06-08,11:30,577.2,199.8,33.4,30.0,229
2026-06-08,12:00,577.7,198.8,33.0,30.0,93
2026-06-08,12:30,559.4,198.0,33.4,30.0,89
2026-06-08,13:00,587.1,190.2,34.7,30.0,231
2026-06-08,13:30,589.4,185.0,33.9,30.0,229
2026-06-08,14:00,578.5,175.4,33.9,30.0,206
2026-06-08,14:30,587.6,156.9,34.2,30.0,232
2026-06-08,15:00,594.2,137.8,35.0,30.0,235
2026-06-08,15:30,587.4,127.7,34.0,30.0,213
2026-06-08,16:00,579.2,104.7,34.3,30.0,230
2026-06-08,16:30,594.3,79.6,33.6,30.0,218
2026-06-08,17:00,583.6,50.4,33.3,30.0,207
2026-06-08,17:30,566.2,28.2,33.3,30.0,215
2026-06-08,18:00,260.5,4.5,32.6,58.0,15
2026-06-08,18:30,242.3,0.0,32.3,58.0,5
2026-06-08,19:00,234.7,0.0,31.4,58.0,19
2026-06-08,19:30,228.2,2.2,31.9,58.0,0
2026-06-08,20:00,220.8,1.6,30.8,58.0,22
2026-06-08,20:30,210.9,0.0,30.2,58.0,12
2026-06-08,21:00,210.5,2.7,29.2,58.0,4
2026-06-08,21:30,222.5,0.0,29.5,58.0,15
2026-06-08,22:00,193.6,0.0,28.7,58.0,6
2026-06-08,22:30,184.9,0.0,28.3,58.0,21
2026-06-08,23:00,196.3,0.8,28.1,30.0,14
2026-06-08,23:30,185.9,0.0,27.2,30.0,0
2026-06-09,00:00,170.6,1.4,27.0,15.0,0
2026-06-09,00:30,181.4,0.5,26.5,15.0,14
2026-06-09,01:00,182.6,3.2,26.4,15.0,10
2026-06-09,01:30,181.6,0.0,26.5,15.0,15
2026-06-09,02:00,180.4,0.9,26.4,15.0,9
2026-06-09,02:30,184.2,2.8,25.9,15.0,12
2026-06-09,03:00,177.7,0.0,25.5,15.0,15
2026-06-09,03:30,195.8,0.0,25.6,15.0,20
2026-06-09,04:00,173.7,0.9,26.7,15.0,23
2026-06-09,04:30,179.0,0.1,26.3,15.0,3
2026-06-09,05:00,167.2,0.0,27.1,15.0,13
2026-06-09,05:30,167.2,0.0,27.2,15.0,1
2026-06-09,06:00,185.0,0.0,27.2,30.0,9
2026-06-09,06:30,194.6,26.9,28.1,30.0,8
2026-06-09,07:00,203.4,51.0,29.2,30.0,7
2026-06-09,07:30,206.1,75.1,29.0,30.0,14
2026-06-09,08:00,531.8,98.3,30.2,30.0,232
2026-06-09,08:30,536.8,119.8,30.2,30.0,233
2026-06-09,09:00,544.9,149.7,30.9,30.0,226
2026-06-09,09:30,550.2,163.4,31.6,30.0,206
2026-06-09,10:00,559.9,176.7,31.5,30.0,224
2026-06-09,10:30,564.5,184.5,32.5,30.0,213
2026-06-09,11:00,572.5,196.4,33.2,30.0,218
2026-06-09,11:30,585.0,205.3,33.4,30.0,228
2026-06-09,12:00,551.1,205.0,33.5,30.0,101
2026-06-09,12:30,564.0,201.8,34.1,30.0,81
2026-06-09,13:00,575.8,200.9,34.2,30.0,208
2026-06-09,13:30,574.9,185.8,34.6,30.0,228
2026-06-09,14:00,579.0,175.6,34.9,30.0,233
2026-06-09,14:30,592.4,160.1,34.1,30.0,224
2026-06-09,15:00,593.4,140.6,34.8,30.0,222
2026-06-09,15:30,585.4,116.2,34.6,30.0,222
2026-06-09,16:00,589.5,101.5,34.6,30.0,229
2026-06-09,16:30,579.4,84.3,34.4,30.0,217
2026-06-09,17:00,576.0,50.9,33.3,30.0,214
2026-06-09,17:30,579.1,26.5,33.9,30.0,213
2026-06-09,18:00,260.0,0.0,33.4,58.0,0
2026-06-09,18:30,252.7,0.0,33.0,58.0,11
2026-06-09,19:00,251.7,5.1,32.5,58.0,6
2026-06-09,19:30,241.8,0.0,31.6,58.0,0
2026-06-09,20:00,229.7,0.0,31.2,58.0,0
2026-06-09,20:30,221.8,0.0,29.8,58.0,18
2026-06-09,21:00,208.7,5.1,30.1,58.0,0
2026-06-09,21:30,206.5,1.1,29.7,58.0,4
2026-06-09,22:00,193.5,0.3,28.4,58.0,0
2026-06-09,22:30,200.1,0.0,28.1,58.0,5
2026-06-09,23:00,214.3,0.0,28.2,30.0,0
2026-06-09,23:30,175.1,0.0,27.6,30.0,17
2026-06-10,00:00,176.1,0.0,26.8,15.0,0
2026-06-10,00:30,183.0,0.0,26.4,15.0,0
2026-06-10,01:00,174.0,0.0,26.2,15.0,2
2026-06-10,01:30,178.4,0.1,26.0,15.0,19
2026-06-10,02:00,175.0,0.0,25.7,15.0,5
2026-06-10,02:30,173.8,0.0,26.6,15.0,18
2026-06-10,03:00,184.2,3.4,26.5,15.0,4
2026-06-10,03:30,171.6,8.0,26.5,15.0,12
2026-06-10,04:00,186.3,4.4,26.0,15.0,1
2026-06-10,04:30,173.1,0.1,26.5,15.0,4
2026-06-10,05:00,188.9,1.9,27.6,15.0,10
2026-06-10,05:30,177.6,4.1,27.2,15.0,20
2026-06-10,06:00,201.3,0.0,27.4,30.0,11
2026-06-10,06:30,196.4,23.0,28.4,30.0,0
2026-06-10,07:00,203.7,58.2,28.5,30.0,20
2026-06-10,07:30,221.3,88.5,29.6,30.0,24
2026-06-10,08:00,538.1,109.9,29.8,30.0,234
2026-06-10,08:30,543.8,128.3,30.9,30.0,235
2026-06-10,09:00,545.8,148.5,31.4,30.0,205
2026-06-10,09:30,551.9,163.5,31.5,30.0,206
2026-06-10,10:00,548.3,185.2,31.9,30.0,211
2026-06-10,10:30,582.5,202.9,33.1,30.0,232
2026-06-10,11:00,570.2,203.8,33.2,30.0,220
2026-06-10,11:30,573.5,209.8,33.4,30.0,226
2026-06-10,12:00,570.5,212.5,33.5,30.0,103
2026-06-10,12:30,560.7,211.5,34.5,30.0,79
2026-06-10,13:00,588.2,207.1,34.5,30.0,232
2026-06-10,13:30,582.2,200.0,34.4,30.0,224
2026-06-10,14:00,595.6,188.4,35.0,30.0,216
2026-06-10,14:30,590.6,169.8,34.1,30.0,216
2026-06-10,15:00,600.5,153.2,35.0,30.0,215
2026-06-10,15:30,595.1,130.7,35.1,30.0,220
2026-06-10,16:00,582.6,107.3,34.5,30.0,209
2026-06-10,16:30,585.0,82.1,34.1,30.0,235
2026-06-10,17:00,574.3,55.0,33.6,30.0,218
2026-06-10,17:30,586.3,27.1,33.9,30.0,211
2026-06-10,18:00,247.6,1.6,32.8,58.0,12
2026-06-10,18:30,251.9,0.1,32.9,58.0,0
2026-06-10,19:00,244.4,0.0,32.0,58.0,10
2026-06-10,19:30,237.4,2.2,31.6,58.0,8
2026-06-10,20:00,219.5,5.9,31.0,58.0,25
2026-06-10,20:30,207.7,0.6,30.0,58.0,19
2026-06-10,21:00,208.0,0.4,30.2,58.0,2
2026-06-10,21:30,204.8,5.3,29.3,58.0,2
2026-06-10,22:00,203.6,0.0,28.8,58.0,21
2026-06-10,22:30,192.5,1.4,28.2,58.0,19
2026-06-10,23:00,190.4,0.0,27.5,30.0,19
2026-06-10,23:30,207.2,1.5,27.8,30.0,16
2026-06-11,00:00,173.0,0.5,27.0,15.0,0
2026-06-11,00:30,184.7,0.0,26.9,15.0,0
2026-06-11,01:00,171.7,0.1,26.7,15.0,17
2026-06-11,01:30,175.5,1.5,26.1,15.0,6
2026-06-11,02:00,175.3,0.0,25.9,15.0,0
2026-06-11,02:30,178.0,3.3,25.9,15.0,12
2026-06-11,03:00,186.3,5.4,26.0,15.0,18
2026-06-11,03:30,175.0,0.0,25.8,15.0,9
2026-06-11,04:00,188.5,0.7,26.9,15.0,19
2026-06-11,04:30,187.9,0.0,26.7,15.0,22
2026-06-11,05:00,176.4,0.0,27.4,15.0,0
2026-06-11,05:30,185.2,4.0,27.3,15.0,17
2026-06-11,06:00,193.3,0.0,27.9,30.0,8
2026-06-11,06:30,194.2,27.3,28.7,30.0,12
2026-06-11,07:00,219.1,52.0,29.1,30.0,9
2026-06-11,07:30,208.5,74.0,29.9,30.0,7
2026-06-11,08:00,520.7,99.9,30.4,30.0,206
2026-06-11,08:30,544.4,118.1,30.6,30.0,220
2026-06-11,09:00,524.1,131.7,30.5,30.0,230
2026-06-11,09:30,566.8,148.2,32.0,30.0,223
2026-06-11,10:00,552.9,167.6,32.6,30.0,225
2026-06-11,10:30,558.3,175.7,32.9,30.0,215
2026-06-11,11:00,552.0,188.8,32.6,30.0,217
2026-06-11,11:30,588.3,190.7,33.7,30.0,213
2026-06-11,12:00,577.3,185.8,34.0,30.0,100
2026-06-11,12:30,574.9,186.1,34.0,30.0,92
2026-06-11,13:00,584.7,191.4,34.7,30.0,223
2026-06-11,13:30,571.8,178.1,34.3,30.0,227
2026-06-11,14:00,574.3,166.0,34.3,30.0,227
2026-06-11,14:30,585.6,153.8,35.3,30.0,228
2026-06-11,15:00,590.1,136.1,34.8,30.0,218
2026-06-11,15:30,587.9,116.9,35.1,30.0,219
2026-06-11,16:00,590.8,95.7,34.9,30.0,214
2026-06-11,16:30,566.9,71.6,33.8,30.0,235
2026-06-11,17:00,591.8,50.5,34.3,30.0,235
2026-06-11,17:30,586.0,27.1,34.1,30.0,224
2026-06-11,18:00,261.2,0.0,32.8,58.0,15
2026-06-11,18:30,262.8,2.8,33.1,58.0,0
2026-06-11,19:00,252.9,3.4,31.7,58.0,24
2026-06-11,19:30,232.1,1.3,31.2,58.0,0
2026-06-11,20:00,226.8,0.0,31.2,58.0,23
2026-06-11,20:30,237.4,2.3,31.0,58.0,11
2026-06-11,21:00,218.8,2.6,30.2,58.0,4
2026-06-11,21:30,195.8,0.0,28.9,58.0,10
2026-06-11,22:00,193.1,0.0,28.6,58.0,7
2026-06-11,22:30,212.6,4.2,28.4,58.0,4
2026-06-11,23:00,199.1,0.0,28.3,30.0,0
2026-06-11,23:30,183.3,2.3,27.1,30.0,0
2026-06-12,00:00,170.1,1.3,27.6,15.0,8
2026-06-12,00:30,176.5,0.0,26.5,15.0,4
2026-06-12,01:00,181.9,0.0,27.0,15.0,2
2026-06-12,01:30,188.1,0.6,25.8,15.0,8
2026-06-12,02:00,188.8,0.0,26.6,15.0,13
2026-06-12,02:30,182.7,0.5,26.5,15.0,19
2026-06-12,03:00,176.1,2.7,25.7,15.0,18
2026-06-12,03:30,169.5,2.4,25.9,15.0,14
2026-06-12,04:00,174.1,0.0,26.8,15.0,0
2026-06-12,04:30,166.6,0.0,26.6,15.0,8
2026-06-12,05:00,170.5,0.0,26.9,15.0,0
2026-06-12,05:30,182.8,0.0,27.1,15.0,0
2026-06-12,06:00,213.6,1.4,28.1,30.0,22
2026-06-12,06:30,206.6,25.2,29.0,30.0,0
2026-06-12,07:00,204.5,53.6,29.1,30.0,21
2026-06-12,07:30,223.1,81.1,29.5,30.0,13
2026-06-12,08:00,537.5,98.6,29.8,30.0,205
2026-06-12,08:30,538.6,117.4,31.0,30.0,218
2026-06-12,09:00,551.7,139.4,31.5,30.0,228
2026-06-12,09:30,565.2,163.8,31.4,30.0,217
2026-06-12,10:00,561.1,178.9,32.1,30.0,213
2026-06-12,10:30,562.3,188.8,32.8,30.0,227
2026-06-12,11:00,570.1,193.0,33.2,30.0,231
2026-06-12,11:30,569.5,201.3,33.3,30.0,205
2026-06-12,12:00,577.7,199.4,33.7,30.0,81
2026-06-12,12:30,563.1,197.8,33.9,30.0,96
2026-06-12,13:00,576.3,193.9,34.1,30.0,224
2026-06-12,13:30,582.0,186.7,35.0,30.0,234
2026-06-12,14:00,581.7,176.4,35.1,30.0,219
2026-06-12,14:30,604.0,158.4,35.2,30.0,227
2026-06-12,15:00,583.1,148.4,34.6,30.0,223
2026-06-12,15:30,572.5,127.0,34.2,30.0,210
2026-06-12,16:00,608.3,99.5,35.0,30.0,218
2026-06-12,16:30,597.8,79.5,34.3,30.0,205
2026-06-12,17:00,575.2,53.4,33.6,30.0,218
2026-06-12,17:30,577.3,24.6,34.0,30.0,205
2026-06-12,18:00,260.5,0.0,32.9,58.0,0
2026-06-12,18:30,249.9,5.7,33.1,58.0,0
2026-06-12,19:00,245.8,1.0,31.7,58.0,20
2026-06-12,19:30,234.7,0.0,31.9,58.0,16
2026-06-12,20:00,244.4,2.8,31.4,58.0,20
2026-06-12,20:30,233.4,0.0,30.9,58.0,23
2026-06-12,21:00,225.8,0.0,29.8,58.0,20
2026-06-12,21:30,200.9,0.0,30.0,58.0,7
2026-06-12,22:00,210.6,8.7,29.0,58.0,19
2026-06-12,22:30,203.0,0.9,28.4,58.0,25
2026-06-12,23:00,188.6,4.0,27.9,30.0,3
2026-06-12,23:30,184.3,3.0,27.1,30.0,9
2026-06-13,00:00,183.7,0.0,27.8,15.0,8
2026-06-13,00:30,180.3,0.0,27.2,15.0,9
2026-06-13,01:00,180.2,0.0,26.1,15.0,20
2026-06-13,01:30,173.3,1.1,26.3,15.0,0
2026-06-13,02:00,193.5,3.8,26.5,15.0,0
2026-06-13,02:30,179.9,2.1,26.3,15.0,18
2026-06-13,03:00,167.0,2.4,26.1,15.0,0
2026-06-13,03:30,181.7,2.1,27.0,15.0,0
2026-06-13,04:00,170.3,0.0,26.2,15.0,17
2026-06-13,04:30,172.7,0.4,27.3,15.0,2
2026-06-13,05:00,185.1,0.0,26.7,15.0,0
2026-06-13,05:30,174.3,0.0,27.1,15.0,0
2026-06-13,06:00,205.3,5.9,28.2,30.0,20
2026-06-13,06:30,184.0,25.8,28.4,30.0,0
2026-06-13,07:00,196.6,48.6,28.8,30.0,8
2026-06-13,07:30,217.8,74.4,28.9,30.0,17
2026-06-13,08:00,213.6,100.5,29.5,30.0,0
2026-06-13,08:30,216.0,112.1,30.2,30.0,1
2026-06-13,09:00,218.9,139.2,31.1,30.0,3
2026-06-13,09:30,228.0,162.3,31.9,30.0,4
2026-06-13,10:00,249.4,167.6,32.6,30.0,20
2026-06-13,10:30,242.5,179.6,32.8,30.0,25
2026-06-13,11:00,259.2,193.9,32.8,30.0,27
2026-06-13,11:30,263.8,198.5,33.9,30.0,23
2026-06-13,12:00,255.6,196.8,33.6,30.0,18
2026-06-13,12:30,269.0,189.6,34.0,30.0,6
2026-06-13,13:00,265.6,186.7,34.0,30.0,29
2026-06-13,13:30,272.0,183.5,34.4,30.0,19
2026-06-13,14:00,268.4,172.1,34.7,30.0,30
2026-06-13,14:30,270.0,154.7,34.5,30.0,21
2026-06-13,15:00,268.7,131.4,34.3,30.0,23
2026-06-13,15:30,262.9,116.0,34.5,30.0,9
2026-06-13,16:00,274.0,100.2,35.2,30.0,6
2026-06-13,16:30,256.2,74.2,34.0,30.0,21
2026-06-13,17:00,283.6,45.3,34.4,30.0,6
2026-06-13,17:30,281.2,26.2,34.2,30.0,12
2026-06-13,18:00,259.8,3.2,33.6,58.0,11
2026-06-13,18:30,249.9,0.0,32.8,58.0,12
2026-06-13,19:00,242.0,0.0,31.8,58.0,0
2026-06-13,19:30,233.9,0.0,31.7,58.0,0
2026-06-13,20:00,210.7,3.3,30.7,58.0,6
2026-06-13,20:30,216.0,0.0,30.5,58.0,0
2026-06-13,21:00,220.0,5.4,30.3,58.0,0
2026-06-13,21:30,204.1,0.0,29.0,58.0,2
2026-06-13,22:00,191.3,0.0,28.8,58.0,14
2026-06-13,22:30,206.8,0.0,28.7,58.0,10
2026-06-13,23:00,178.2,1.3,28.2,30.0,19
2026-06-13,23:30,199.3,0.0,27.8,30.0,0
2026-06-14,00:00,197.2,0.0,27.3,15.0,18
2026-06-14,00:30,168.4,1.3,26.4,15.0,0
2026-06-14,01:00,183.3,4.7,26.5,15.0,0
2026-06-14,01:30,177.0,0.0,26.7,15.0,0
2026-06-14,02:00,170.6,1.6,25.9,15.0,9
2026-06-14,02:30,170.9,0.0,26.0,15.0,3
2026-06-14,03:00,156.7,0.0,26.0,15.0,10
2026-06-14,03:30,183.0,0.0,27.0,15.0,19
2026-06-14,04:00,172.0,4.9,26.3,15.0,0
2026-06-14,04:30,176.7,0.8,27.3,15.0,0
2026-06-14,05:00,189.6,1.0,27.7,15.0,18
2026-06-14,05:30,183.8,0.7,27.4,15.0,1
2026-06-14,06:00,184.6,0.0,28.3,30.0,0
2026-06-14,06:30,195.7,19.8,27.9,30.0,15
2026-06-14,07:00,199.8,56.0,29.4,30.0,10
2026-06-14,07:30,199.5,76.5,29.0,30.0,17
2026-06-14,08:00,216.6,104.2,29.8,30.0,3
2026-06-14,08:30,222.9,131.7,30.8,30.0,9
2026-06-14,09:00,237.6,149.1,31.8,30.0,15
2026-06-14,09:30,248.4,167.4,32.3,30.0,18
2026-06-14,10:00,233.4,180.0,31.8,30.0,16
2026-06-14,10:30,250.0,198.5,32.4,30.0,10
2026-06-14,11:00,259.9,200.0,33.0,30.0,12
2026-06-14,11:30,265.1,212.6,34.0,30.0,25
2026-06-14,12:00,258.7,209.4,34.2,30.0,7
2026-06-14,12:30,283.3,207.4,34.5,30.0,27
2026-06-14,13:00,270.9,203.7,35.0,30.0,27
2026-06-14,13:30,271.8,194.4,34.7,30.0,11
2026-06-14,14:00,288.4,180.2,35.3,30.0,23
2026-06-14,14:30,268.1,167.5,35.1,30.0,9
2026-06-14,15:00,278.7,152.9,34.7,30.0,0
2026-06-14,15:30,281.3,127.3,35.1,30.0,26
2026-06-14,16:00,269.0,103.1,34.3,30.0,27
2026-06-14,16:30,268.2,82.2,34.2,30.0,15
2026-06-14,17:00,246.8,48.6,33.6,30.0,16
2026-06-14,17:30,257.1,22.9,33.4,30.0,8
2026-06-14,18:00,262.4,1.8,33.9,58.0,0
2026-06-14,18:30,243.8,0.0,32.6,58.0,6
2026-06-14,19:00,248.3,0.8,32.1,58.0,6
2026-06-14,19:30,237.4,2.1,32.0,58.0,12
2026-06-14,20:00,226.2,0.0,31.4,58.0,16
2026-06-14,20:30,226.7,0.0,30.4,58.0,11
2026-06-14,21:00,208.3,4.6,30.7,58.0,4
2026-06-14,21:30,209.4,0.0,29.5,58.0,0
2026-06-14,22:00,197.4,2.5,29.2,58.0,4
2026-06-14,22:30,197.1,0.0,27.9,58.0,0
2026-06-14,23:00,180.8,1.0,27.7,30.0,0
2026-06-14,23:30,193.1,0.0,27.8,30.0,0
2026-06-15,00:00,191.6,0.0,27.3,15.0,10
2026-06-15,00:30,171.7,0.0,26.7,15.0,1
2026-06-15,01:00,191.0,1.3,26.3,15.0,20
2026-06-15,01:30,194.2,2.0,26.4,15.0,0
2026-06-15,02:00,183.3,0.8,26.7,15.0,18
2026-06-15,02:30,188.4,0.0,26.5,15.0,20
2026-06-15,03:00,173.8,0.0,26.3,15.0,13
2026-06-15,03:30,192.0,1.9,26.5,15.0,2
2026-06-15,04:00,188.7,0.0,26.6,15.0,10
2026-06-15,04:30,178.5,2.1,27.2,15.0,10
2026-06-15,05:00,199.9,0.0,27.2,15.0,25
2026-06-15,05:30,189.0,0.0,27.7,15.0,17
2026-06-15,06:00,200.7,1.7,28.1,30.0,21
2026-06-15,06:30,190.9,23.6,28.6,30.0,0
2026-06-15,07:00,218.8,50.2,29.5,30.0,16
2026-06-15,07:30,208.8,76.4,29.2,30.0,24
2026-06-15,08:00,525.4,100.5,30.8,30.0,205
2026-06-15,08:30,530.0,113.0,31.1,30.0,221
2026-06-15,09:00,559.2,137.5,31.6,30.0,217
2026-06-15,09:30,561.8,146.7,31.5,30.0,212
2026-06-15,10:00,560.8,171.9,32.8,30.0,212
2026-06-15,10:30,570.1,174.6,32.5,30.0,226
2026-06-15,11:00,567.5,190.2,33.1,30.0,231
2026-06-15,11:30,581.3,195.1,33.4,30.0,215
2026-06-15,12:00,560.3,190.4,33.9,30.0,92
2026-06-15,12:30,573.8,190.6,34.5,30.0,103
2026-06-15,13:00,584.4,184.6,34.8,30.0,206
2026-06-15,13:30,584.8,179.9,34.5,30.0,233
2026-06-15,14:00,597.9,169.9,34.4,30.0,223
2026-06-15,14:30,591.5,154.7,35.1,30.0,210
2026-06-15,15:00,587.1,139.7,34.7,30.0,229
2026-06-15,15:30,583.4,117.4,34.7,30.0,225
2026-06-15,16:00,592.6,98.4,35.1,30.0,208
2026-06-15,16:30,584.8,72.6,34.6,30.0,213
2026-06-15,17:00,577.2,54.5,34.0,30.0,210
2026-06-15,17:30,563.6,24.1,33.6,30.0,228
2026-06-15,18:00,260.0,0.9,33.8,58.0,25
2026-06-15,18:30,250.6,0.0,32.8,58.0,5
2026-06-15,19:00,257.2,0.0,32.5,58.0,19
2026-06-15,19:30,238.0,3.7,32.3,58.0,6
2026-06-15,20:00,223.6,0.8,31.0,58.0,18
2026-06-15,20:30,235.2,0.0,31.2,58.0,0
2026-06-15,21:00,223.5,0.0,30.3,58.0,0
2026-06-15,21:30,192.3,0.0,29.6,58.0,0
2026-06-15,22:00,220.5,1.1,29.1,58.0,16
2026-06-15,22:30,198.1,0.0,28.3,58.0,14
2026-06-15,23:00,187.9,0.0,27.6,30.0,25
2026-06-15,23:30,191.7,0.0,27.3,30.0,17
2026-06-16,00:00,194.0,0.0,27.8,15.0,17
2026-06-16,00:30,174.7,0.0,26.9,15.0,21
2026-06-16,01:00,194.8,0.0,27.2,15.0,23
2026-06-16,01:30,192.6,0.1,26.1,15.0,17
2026-06-16,02:00,180.1,1.1,27.1,15.0,3
2026-06-16,02:30,183.8,6.8,26.9,15.0,1
2026-06-16,03:00,188.5,3.0,26.5,15.0,8
2026-06-16,03:30,177.0,3.0,27.0,15.0,1
2026-06-16,04:00,196.0,0.0,27.2,15.0,0
2026-06-16,04:30,194.8,0.0,27.5,15.0,24
2026-06-16,05:00,191.6,0.0,27.0,15.0,14
2026-06-16,05:30,198.5,3.2,27.8,15.0,0
2026-06-16,06:00,196.1,3.1,28.2,30.0,6
2026-06-16,06:30,202.2,30.0,28.8,30.0,0
2026-06-16,07:00,209.3,58.1,29.1,30.0,15
2026-06-16,07:30,218.3,79.0,29.6,30.0,19
2026-06-16,08:00,545.7,107.8,30.7,30.0,235
2026-06-16,08:30,550.8,124.9,30.8,30.0,231
2026-06-16,09:00,550.3,144.2,31.2,30.0,212
2026-06-16,09:30,562.4,165.4,32.3,30.0,231
2026-06-16,10:00,558.5,183.5,32.1,30.0,207
2026-06-16,10:30,560.9,193.6,33.2,30.0,233
2026-06-16,11:00,583.4,203.3,33.4,30.0,234
2026-06-16,11:30,579.8,215.8,33.4,30.0,232
2026-06-16,12:00,563.4,204.0,33.8,30.0,96
2026-06-16,12:30,568.2,208.6,35.0,30.0,97
2026-06-16,13:00,585.4,206.4,35.2,30.0,216
2026-06-16,13:30,592.1,191.9,35.1,30.0,232
2026-06-16,14:00,602.2,182.0,35.4,30.0,208
2026-06-16,14:30,595.3,163.6,35.2,30.0,225
2026-06-16,15:00,594.3,147.6,34.7,30.0,221
2026-06-16,15:30,588.3,124.0,34.5,30.0,234
2026-06-16,16:00,596.6,110.3,35.3,30.0,208
2026-06-16,16:30,588.3,83.1,34.1,30.0,230
2026-06-16,17:00,580.5,50.9,34.1,30.0,219
2026-06-16,17:30,578.9,22.8,33.4,30.0,220
2026-06-16,18:00,262.1,0.0,32.9,58.0,8
2026-06-16,18:30,247.2,1.7,33.4,58.0,23
2026-06-16,19:00,236.0,0.6,32.2,58.0,11
2026-06-16,19:30,234.7,0.0,32.3,58.0,8
2026-06-16,20:00,238.2,1.6,31.2,58.0,0
2026-06-16,20:30,238.4,0.8,30.3,58.0,15
2026-06-16,21:00,217.4,0.0,29.7,58.0,19
2026-06-16,21:30,205.5,0.0,29.6,58.0,4
2026-06-16,22:00,198.8,0.0,29.1,58.0,2
2026-06-16,22:30,182.9,0.0,28.2,58.0,17
2026-06-16,23:00,183.7,1.3,27.8,30.0,0
2026-06-16,23:30,191.7,0.0,28.2,30.0,23
2026-06-17,00:00,197.6,4.5,27.4,15.0,23
2026-06-17,00:30,190.6,4.5,26.9,15.0,7
2026-06-17,01:00,189.1,0.0,26.4,15.0,4
2026-06-17,01:30,184.2,0.2,26.3,15.0,22
2026-06-17,02:00,172.0,0.8,26.9,15.0,0
2026-06-17,02:30,177.9,0.0,26.9,15.0,13
2026-06-17,03:00,184.9,1.2,26.4,15.0,1
2026-06-17,03:30,187.0,0.0,26.5,15.0,0
2026-06-17,04:00,182.2,0.9,26.3,15.0,0
2026-06-17,04:30,189.7,0.0,27.5,15.0,0
2026-06-17,05:00,185.5,0.0,27.5,15.0,4
2026-06-17,05:30,189.6,0.0,27.3,15.0,0
2026-06-17,06:00,207.6,0.0,28.4,30.0,0
2026-06-17,06:30,197.2,29.5,28.3,30.0,13
2026-06-17,07:00,220.4,53.3,29.2,30.0,12
2026-06-17,07:30,217.7,77.9,29.2,30.0,3
2026-06-17,08:00,525.0,99.0,29.9,30.0,227
2026-06-17,08:30,558.2,122.3,31.3,30.0,211
2026-06-17,09:00,547.6,145.2,31.3,30.0,216
2026-06-17,09:30,558.8,163.0,32.2,30.0,215
2026-06-17,10:00,567.9,175.6,32.1,30.0,214
2026-06-17,10:30,582.1,185.8,33.5,30.0,226
2026-06-17,11:00,573.4,193.3,34.0,30.0,224
2026-06-17,11:30,579.4,207.7,34.1,30.0,221
2026-06-17,12:00,563.2,209.7,33.8,30.0,84
2026-06-17,12:30,594.2,207.1,35.1,30.0,94
2026-06-17,13:00,594.2,189.8,35.2,30.0,227
2026-06-17,13:30,600.8,190.0,34.5,30.0,216
2026-06-17,14:00,594.7,171.2,35.3,30.0,220
2026-06-17,14:30,584.2,163.1,34.9,30.0,211
2026-06-17,15:00,593.0,140.2,34.9,30.0,209
2026-06-17,15:30,577.9,129.4,34.8,30.0,206
2026-06-17,16:00,578.6,109.2,34.9,30.0,217
2026-06-17,16:30,586.0,79.1,34.5,30.0,222
2026-06-17,17:00,582.8,54.8,34.2,30.0,212
2026-06-17,17:30,579.7,32.3,34.1,30.0,214
2026-06-17,18:00,252.8,0.0,33.1,58.0,23
2026-06-17,18:30,253.2,0.0,32.8,58.0,19
2026-06-17,19:00,274.0,5.1,33.1,58.0,8
2026-06-17,19:30,228.1,0.0,31.4,58.0,12
2026-06-17,20:00,225.5,0.0,31.7,58.0,10
2026-06-17,20:30,232.5,0.0,31.4,58.0,0
2026-06-17,21:00,224.0,0.4,30.5,58.0,0
2026-06-17,21:30,207.4,0.9,29.2,58.0,4
2026-06-17,22:00,208.8,2.0,29.2,58.0,4
2026-06-17,22:30,198.1,0.2,29.1,58.0,0
2026-06-17,23:00,188.4,1.3,27.7,30.0,9
2026-06-17,23:30,191.5,4.5,27.7,30.0,16
2026-06-18,00:00,192.6,0.0,27.0,15.0,19
2026-06-18,00:30,181.9,1.5,26.8,15.0,21
2026-06-18,01:00,179.8,0.0,27.3,15.0,11
2026-06-18,01:30,175.7,1.6,26.3,15.0,7
2026-06-18,02:00,181.1,0.0,26.5,15.0,5
2026-06-18,02:30,178.0,0.3,27.0,15.0,0
2026-06-18,03:00,176.3,1.9,26.7,15.0,15
2026-06-18,03:30,192.8,0.5,27.3,15.0,13
2026-06-18,04:00,177.9,0.0,26.9,15.0,13
2026-06-18,04:30,192.6,0.0,27.5,15.0,22
2026-06-18,05:00,192.8,0.0,28.0,15.0,24
2026-06-18,05:30,202.8,2.7,28.1,15.0,2
2026-06-18,06:00,199.4,3.1,28.8,30.0,0
2026-06-18,06:30,209.6,23.6,28.9,30.0,4
2026-06-18,07:00,202.6,45.9,28.7,30.0,0
2026-06-18,07:30,223.7,71.6,29.3,30.0,1
2026-06-18,08:00,539.7,100.7,30.6,30.0,207
2026-06-18,08:30,549.9,120.9,30.9,30.0,206
2026-06-18,09:00,550.9,139.7,31.0,30.0,215
2026-06-18,09:30,573.7,153.9,32.1,30.0,235
2026-06-18,10:00,564.1,168.9,32.2,30.0,233
2026-06-18,10:30,567.9,179.1,33.1,30.0,213
2026-06-18,11:00,582.0,187.8,33.5,30.0,228
2026-06-18,11:30,576.4,196.3,33.6,30.0,227
2026-06-18,12:00,567.5,199.9,33.8,30.0,103
2026-06-18,12:30,579.8,192.2,34.5,30.0,77
2026-06-18,13:00,595.2,190.1,35.4,30.0,229
2026-06-18,13:30,584.1,181.3,35.1,30.0,207
2026-06-18,14:00,602.1,166.7,35.0,30.0,220
2026-06-18,14:30,599.5,154.6,34.7,30.0,206
2026-06-18,15:00,604.7,138.3,35.7,30.0,230
2026-06-18,15:30,583.3,118.2,35.4,30.0,225
2026-06-18,16:00,593.7,99.3,35.1,30.0,213
2026-06-18,16:30,592.8,71.1,35.2,30.0,219
2026-06-18,17:00,577.9,51.7,33.8,30.0,217
2026-06-18,17:30,595.9,25.4,34.2,30.0,210
2026-06-18,18:00,266.2,0.0,33.1,58.0,1
2026-06-18,18:30,253.5,2.4,33.4,58.0,9
2026-06-18,19:00,243.2,0.0,32.0,58.0,0
2026-06-18,19:30,251.2,0.7,32.4,58.0,25
2026-06-18,20:00,232.6,0.0,30.9,58.0,0
2026-06-18,20:30,224.7,3.8,31.4,58.0,24
2026-06-18,21:00,232.0,3.8,30.3,58.0,14
2026-06-18,21:30,198.1,0.0,29.3,58.0,12
2026-06-18,22:00,211.9,1.2,28.8,58.0,10
2026-06-18,22:30,200.0,0.0,28.4,58.0,15
2026-06-18,23:00,179.9,0.0,28.1,30.0,19
2026-06-18,23:30,193.1,0.0,27.6,30.0,19
2026-06-19,00:00,188.8,4.7,27.6,15.0,25
2026-06-19,00:30,189.3,1.6,27.3,15.0,18
2026-06-19,01:00,183.8,3.4,26.8,15.0,19
2026-06-19,01:30,180.4,0.0,27.1,15.0,12
2026-06-19,02:00,176.1,0.0,26.8,15.0,0
2026-06-19,02:30,189.5,0.0,26.2,15.0,2
2026-06-19,03:00,170.8,0.3,26.1,15.0,0
2026-06-19,03:30,183.3,0.0,26.8,15.0,13
2026-06-19,04:00,178.9,5.6,26.7,15.0,2
2026-06-19,04:30,172.6,4.0,26.9,15.0,0
2026-06-19,05:00,174.7,0.0,27.1,15.0,3
2026-06-19,05:30,202.3,0.2,28.4,15.0,12
2026-06-19,06:00,197.9,1.0,28.3,30.0,6
2026-06-19,06:30,202.4,10.8,28.6,30.0,19
2026-06-19,07:00,216.8,21.1,29.3,30.0,0
2026-06-19,07:30,210.2,30.0,30.1,30.0,23
2026-06-19,08:00,533.7,38.7,30.6,30.0,233
2026-06-19,08:30,546.4,51.4,30.8,30.0,216
2026-06-19,09:00,540.9,48.2,31.1,30.0,223
2026-06-19,09:30,552.4,64.4,31.8,30.0,223
2026-06-19,10:00,551.7,72.7,32.9,30.0,223
2026-06-19,10:30,570.1,66.5,33.1,30.0,209
2026-06-19,11:00,567.0,74.5,33.5,30.0,216
2026-06-19,11:30,580.8,80.2,33.7,30.0,228
2026-06-19,12:00,566.5,75.6,34.1,30.0,95
2026-06-19,12:30,567.9,75.2,34.2,30.0,82
2026-06-19,13:00,586.5,79.0,34.7,30.0,226
2026-06-19,13:30,585.8,68.4,35.2,30.0,219
2026-06-19,14:00,591.9,65.0,35.2,30.0,228
2026-06-19,14:30,610.5,59.0,35.7,30.0,233
2026-06-19,15:00,596.8,57.7,34.7,30.0,234
2026-06-19,15:30,577.9,44.9,34.8,30.0,227
2026-06-19,16:00,587.9,44.3,34.7,30.0,206
2026-06-19,16:30,597.4,29.3,34.1,30.0,214
2026-06-19,17:00,575.5,20.7,34.3,30.0,205
2026-06-19,17:30,589.0,8.6,34.1,30.0,231
2026-06-19,18:00,251.9,0.0,33.0,58.0,17
2026-06-19,18:30,265.0,0.0,32.8,58.0,5
2026-06-19,19:00,246.6,4.2,32.5,58.0,0
2026-06-19,19:30,262.6,0.0,32.6,58.0,16
2026-06-19,20:00,220.5,5.7,30.9,58.0,12
2026-06-19,20:30,250.2,0.0,31.2,58.0,8
2026-06-19,21:00,222.4,2.1,30.5,58.0,2
2026-06-19,21:30,225.7,5.3,29.9,58.0,13
2026-06-19,22:00,217.7,2.3,29.8,58.0,8
2026-06-19,22:30,194.3,0.0,28.6,58.0,12
2026-06-19,23:00,209.8,0.9,28.6,30.0,0
2026-06-19,23:30,201.1,0.0,28.3,30.0,25
2026-06-20,00:00,179.6,4.3,27.0,15.0,2
2026-06-20,00:30,182.8,0.3,26.7,15.0,0
2026-06-20,01:00,172.1,3.5,26.8,15.0,8
2026-06-20,01:30,194.7,0.0,27.0,15.0,19
2026-06-20,02:00,182.3,0.0,26.5,15.0,11
2026-06-20,02:30,175.6,0.0,26.5,15.0,0
2026-06-20,03:00,183.8,0.0,26.4,15.0,0
2026-06-20,03:30,184.7,1.7,27.2,15.0,1
2026-06-20,04:00,197.2,0.6,26.5,15.0,0
2026-06-20,04:30,188.0,3.6,26.7,15.0,0
2026-06-20,05:00,175.3,0.0,27.3,15.0,0
2026-06-20,05:30,192.6,1.8,27.8,15.0,10
2026-06-20,06:00,215.1,1.1,28.0,30.0,0
2026-06-20,06:30,198.9,24.6,28.4,30.0,17
2026-06-20,07:00,208.9,51.6,29.3,30.0,3
2026-06-20,07:30,232.0,77.5,30.1,30.0,12
2026-06-20,08:00,209.7,104.5,30.4,30.0,3
2026-06-20,08:30,231.7,127.5,31.3,30.0,20
2026-06-20,09:00,264.5,147.1,32.1,30.0,4
2026-06-20,09:30,231.4,166.7,32.3,30.0,17
2026-06-20,10:00,255.3,179.1,32.4,30.0,16
2026-06-20,10:30,246.7,197.7,32.9,30.0,27
2026-06-20,11:00,266.9,205.6,33.5,30.0,22
2026-06-20,11:30,276.7,215.3,34.6,30.0,3
2026-06-20,12:00,266.1,206.5,33.8,30.0,7
2026-06-20,12:30,294.5,204.4,35.3,30.0,12
2026-06-20,13:00,255.3,204.4,34.7,30.0,23
2026-06-20,13:30,283.8,191.7,35.7,30.0,7
2026-06-20,14:00,280.5,183.1,35.3,30.0,19
2026-06-20,14:30,272.9,167.8,35.4,30.0,6
2026-06-20,15:00,282.3,149.3,35.6,30.0,23
2026-06-20,15:30,282.0,131.7,35.5,30.0,27
2026-06-20,16:00,290.3,103.5,35.1,30.0,0
2026-06-20,16:30,278.3,80.9,34.4,30.0,23
2026-06-20,17:00,278.6,53.2,33.9,30.0,0
2026-06-20,17:30,261.6,30.2,33.7,30.0,0
2026-06-20,18:00,251.0,4.8,33.0,58.0,18
2026-06-20,18:30,254.3,0.0,33.1,58.0,7
2026-06-20,19:00,250.8,2.1,32.8,58.0,4
2026-06-20,19:30,259.9,0.0,32.5,58.0,12
2026-06-20,20:00,239.5,0.0,31.4,58.0,0
2026-06-20,20:30,225.3,0.1,30.4,58.0,11
2026-06-20,21:00,217.9,0.0,30.3,58.0,16
2026-06-20,21:30,217.5,2.0,29.3,58.0,0
2026-06-20,22:00,199.0,1.0,28.9,58.0,6
2026-06-20,22:30,207.1,2.7,28.8,58.0,0
2026-06-20,23:00,219.4,0.0,28.2,30.0,19
2026-06-20,23:30,184.7,3.4,27.6,30.0,0
2026-06-21,00:00,177.3,2.0,27.1,15.0,20
2026-06-21,00:30,181.6,3.0,27.4,15.0,9
2026-06-21,01:00,181.1,0.0,27.0,15.0,5
2026-06-21,01:30,176.2,0.0,26.3,15.0,2
2026-06-21,02:00,177.4,5.3,26.5,15.0,11
2026-06-21,02:30,171.3,0.0,26.8,15.0,9
2026-06-21,03:00,186.4,0.8,27.0,15.0,15
2026-06-21,03:30,193.0,1.3,27.2,15.0,0
2026-06-21,04:00,176.8,0.0,27.5,15.0,0
2026-06-21,04:30,179.5,0.0,26.7,15.0,20
2026-06-21,05:00,196.6,0.0,27.8,15.0,18
2026-06-21,05:30,194.0,0.0,28.4,15.0,0
2026-06-21,06:00,206.7,0.0,28.9,30.0,0
2026-06-21,06:30,212.5,25.6,28.6,30.0,11
2026-06-21,07:00,201.8,51.5,29.3,30.0,0
2026-06-21,07:30,229.6,80.9,30.1,30.0,0
2026-06-21,08:00,218.6,100.9,30.6,30.0,9
2026-06-21,08:30,226.2,120.0,30.8,30.0,12
2026-06-21,09:00,227.8,141.1,31.1,30.0,10
2026-06-21,09:30,233.1,155.7,31.6,30.0,28
2026-06-21,10:00,262.6,170.8,32.5,30.0,22
2026-06-21,10:30,266.0,181.3,33.4,30.0,5
2026-06-21,11:00,252.2,187.8,33.3,30.0,11
2026-06-21,11:30,263.0,190.4,34.4,30.0,18
2026-06-21,12:00,258.3,193.4,34.2,30.0,12
2026-06-21,12:30,260.9,195.5,35.0,30.0,15
2026-06-21,13:00,274.5,188.4,34.5,30.0,15
2026-06-21,13:30,248.9,179.9,34.7,30.0,25
2026-06-21,14:00,286.5,170.5,35.5,30.0,15
2026-06-21,14:30,268.5,153.7,34.7,30.0,5
2026-06-21,15:00,274.2,145.6,35.0,30.0,17
2026-06-21,15:30,277.4,118.2,34.7,30.0,4
2026-06-21,16:00,281.5,92.9,35.0,30.0,1
2026-06-21,16:30,271.4,73.9,34.6,30.0,13
2026-06-21,17:00,277.0,49.4,34.1,30.0,2
2026-06-21,17:30,265.4,26.6,33.8,30.0,10
2026-06-21,18:00,256.5,0.0,33.0,58.0,17
2026-06-21,18:30,253.6,3.2,32.6,58.0,3
2026-06-21,19:00,256.6,0.0,33.1,58.0,1
2026-06-21,19:30,261.8,0.0,32.4,58.0,8
2026-06-21,20:00,241.9,0.0,32.0,58.0,16
2026-06-21,20:30,221.5,0.0,30.6,58.0,17
2026-06-21,21:00,210.7,2.8,29.8,58.0,0
2026-06-21,21:30,213.9,0.0,29.8,58.0,13
2026-06-21,22:00,213.6,0.0,29.8,58.0,0
2026-06-21,22:30,203.6,0.0,28.4,58.0,0
2026-06-21,23:00,199.6,4.6,28.8,30.0,15
2026-06-21,23:30,186.2,3.3,27.5,30.0,0
2026-06-22,00:00,172.6,0.0,27.1,15.0,4
2026-06-22,00:30,181.6,0.0,26.7,15.0,12
2026-06-22,01:00,177.9,0.0,27.2,15.0,15
2026-06-22,01:30,197.9,0.0,26.7,15.0,9
2026-06-22,02:00,178.4,0.0,27.0,15.0,19
2026-06-22,02:30,169.3,1.9,26.5,15.0,19
2026-06-22,03:00,172.9,0.0,26.8,15.0,4
2026-06-22,03:30,165.6,2.2,26.5,15.0,15
2026-06-22,04:00,186.9,0.0,26.8,15.0,6
2026-06-22,04:30,185.0,0.6,26.7,15.0,12
2026-06-22,05:00,181.7,1.8,27.9,15.0,2
2026-06-22,05:30,195.4,0.7,27.6,15.0,19
2026-06-22,06:00,203.8,0.0,28.9,30.0,15
2026-06-22,06:30,205.7,27.5,29.3,30.0,5
2026-06-22,07:00,206.1,54.1,29.3,30.0,17
2026-06-22,07:30,201.4,83.0,29.7,30.0,1
2026-06-22,08:00,535.9,107.7,30.7,30.0,212
2026-06-22,08:30,547.7,132.8,30.8,30.0,235
2026-06-22,09:00,538.4,156.3,31.4,30.0,231
2026-06-22,09:30,553.3,173.2,32.1,30.0,227
2026-06-22,10:00,578.0,182.5,33.0,30.0,230
2026-06-22,10:30,567.6,200.4,33.1,30.0,211
2026-06-22,11:00,573.8,213.5,33.8,30.0,232
2026-06-22,11:30,584.4,205.5,33.7,30.0,234
2026-06-22,12:00,582.3,214.1,34.6,30.0,83
2026-06-22,12:30,572.5,213.3,34.5,30.0,82
2026-06-22,13:00,600.7,206.7,35.0,30.0,206
2026-06-22,13:30,586.7,194.4,34.8,30.0,234
2026-06-22,14:00,600.1,183.5,35.7,30.0,231
2026-06-22,14:30,596.9,170.5,35.2,30.0,226
2026-06-22,15:00,591.7,148.5,35.8,30.0,216
2026-06-22,15:30,607.1,135.2,35.4,30.0,209
2026-06-22,16:00,593.6,102.4,34.8,30.0,228
2026-06-22,16:30,594.9,85.9,35.3,30.0,217
2026-06-22,17:00,597.4,53.4,35.0,30.0,216
2026-06-22,17:30,579.1,25.3,33.9,30.0,225
2026-06-22,18:00,264.2,1.8,34.0,58.0,12
2026-06-22,18:30,261.7,1.7,33.1,58.0,10
2026-06-22,19:00,251.2,0.6,32.4,58.0,7
2026-06-22,19:30,261.3,0.0,31.9,58.0,21
2026-06-22,20:00,239.0,3.8,31.8,58.0,9
2026-06-22,20:30,220.7,2.0,30.6,58.0,0
2026-06-22,21:00,226.7,0.0,31.0,58.0,21
2026-06-22,21:30,217.1,0.8,29.9,58.0,12
2026-06-22,22:00,210.7,3.8,29.3,58.0,0
2026-06-22,22:30,216.3,3.6,29.4,58.0,18
2026-06-22,23:00,184.5,0.0,28.2,30.0,11
2026-06-22,23:30,202.7,0.0,28.3,30.0,1
2026-06-23,00:00,206.8,0.0,28.2,15.0,4
2026-06-23,00:30,190.0,0.0,27.8,15.0,13
2026-06-23,01:00,181.8,2.0,26.9,15.0,14
2026-06-23,01:30,169.0,9.1,26.3,15.0,0
2026-06-23,02:00,189.6,0.0,27.1,15.0,19
2026-06-23,02:30,184.1,0.0,26.9,15.0,19
2026-06-23,03:00,169.1,0.6,26.5,15.0,0
2026-06-23,03:30,177.0,8.4,26.6,15.0,12
2026-06-23,04:00,188.0,4.0,27.1,15.0,8
2026-06-23,04:30,192.0,2.9,27.8,15.0,21
2026-06-23,05:00,175.8,3.5,27.6,15.0,3
2026-06-23,05:30,191.6,0.6,27.9,15.0,7
2026-06-23,06:00,197.0,0.0,28.0,30.0,19
2026-06-23,06:30,206.6,29.5,28.9,30.0,17
2026-06-23,07:00,210.5,49.3,29.1,30.0,15
2026-06-23,07:30,221.4,73.4,30.4,30.0,0
2026-06-23,08:00,536.1,94.2,30.5,30.0,230
2026-06-23,08:30,535.6,122.6,30.5,30.0,209
2026-06-23,09:00,554.1,141.7,31.6,30.0,217
2026-06-23,09:30,556.4,155.3,32.1,30.0,233
2026-06-23,10:00,559.7,172.6,32.8,30.0,231
2026-06-23,10:30,573.9,187.0,33.2,30.0,217
2026-06-23,11:00,577.1,195.3,33.4,30.0,229
2026-06-23,11:30,573.5,195.3,33.8,30.0,207
2026-06-23,12:00,593.9,195.1,34.3,30.0,105
2026-06-23,12:30,569.0,193.9,34.6,30.0,79
2026-06-23,13:00,594.3,185.8,34.9,30.0,210
2026-06-23,13:30,586.0,180.0,34.8,30.0,210
2026-06-23,14:00,592.6,179.7,35.5,30.0,214
2026-06-23,14:30,578.2,149.5,35.1,30.0,230
2026-06-23,15:00,605.0,140.2,35.6,30.0,205
2026-06-23,15:30,592.2,119.9,35.3,30.0,230
2026-06-23,16:00,574.8,97.5,34.8,30.0,214
2026-06-23,16:30,584.8,76.7,35.1,30.0,222
2026-06-23,17:00,569.1,55.5,34.1,30.0,232
2026-06-23,17:30,592.4,22.7,34.5,30.0,212
2026-06-23,18:00,264.3,0.9,33.8,58.0,6
2026-06-23,18:30,248.1,0.0,32.7,58.0,14
2026-06-23,19:00,243.6,5.8,32.2,58.0,13
2026-06-23,19:30,249.7,1.6,31.5,58.0,3
2026-06-23,20:00,232.1,0.0,31.4,58.0,9
2026-06-23,20:30,235.6,0.0,31.4,58.0,4
2026-06-23,21:00,240.6,0.0,30.8,58.0,0
2026-06-23,21:30,236.1,3.8,30.2,58.0,9
2026-06-23,22:00,210.2,1.7,29.7,58.0,5
2026-06-23,22:30,207.9,2.9,29.4,58.0,7
2026-06-23,23:00,195.1,3.0,28.7,30.0,18
2026-06-23,23:30,205.1,2.6,28.3,30.0,0
2026-06-24,00:00,172.0,0.9,27.1,15.0,19
2026-06-24,00:30,183.0,8.1,27.0,15.0,20
2026-06-24,01:00,177.6,2.4,27.2,15.0,0
2026-06-24,01:30,168.1,0.0,27.1,15.0,16
2026-06-24,02:00,189.1,2.7,26.3,15.0,0
2026-06-24,02:30,174.7,2.1,26.9,15.0,6
2026-06-24,03:00,180.1,0.0,27.0,15.0,18
2026-06-24,03:30,197.3,2.5,27.4,15.0,6
2026-06-24,04:00,191.0,0.0,27.3,15.0,15
2026-06-24,04:30,198.0,0.0,27.8,15.0,20
2026-06-24,05:00,166.8,0.0,27.4,15.0,1
2026-06-24,05:30,195.4,0.7,28.5,15.0,0
2026-06-24,06:00,209.7,0.0,28.9,30.0,13
2026-06-24,06:30,214.2,25.0,29.2,30.0,25
2026-06-24,07:00,211.2,53.6,28.8,30.0,12
2026-06-24,07:30,212.2,78.5,29.8,30.0,21
2026-06-24,08:00,542.8,94.2,30.9,30.0,233
2026-06-24,08:30,545.2,119.7,31.1,30.0,214
2026-06-24,09:00,541.3,135.7,31.2,30.0,205
2026-06-24,09:30,575.0,153.9,32.2,30.0,215
2026-06-24,10:00,572.1,165.7,33.0,30.0,228
2026-06-24,10:30,546.5,173.3,32.7,30.0,210
2026-06-24,11:00,573.5,177.2,33.5,30.0,207
2026-06-24,11:30,588.4,188.3,34.3,30.0,222
2026-06-24,12:00,577.0,189.1,34.6,30.0,105
2026-06-24,12:30,578.8,195.9,35.1,30.0,77
2026-06-24,13:00,589.5,180.9,34.7,30.0,232
2026-06-24,13:30,602.6,171.7,35.5,30.0,209
2026-06-24,14:00,599.9,163.0,35.2,30.0,211
2026-06-24,14:30,587.7,151.8,34.8,30.0,206
2026-06-24,15:00,593.3,136.5,35.6,30.0,235
2026-06-24,15:30,595.6,115.2,35.4,30.0,234
2026-06-24,16:00,610.3,95.8,34.7,30.0,224
2026-06-24,16:30,599.2,71.4,35.0,30.0,232
2026-06-24,17:00,583.4,47.7,34.0,30.0,229
2026-06-24,17:30,592.6,23.7,34.5,30.0,232
2026-06-24,18:00,262.5,0.0,33.4,58.0,23
2026-06-24,18:30,250.5,0.0,33.1,58.0,18
2026-06-24,19:00,248.1,0.0,32.9,58.0,19
2026-06-24,19:30,228.4,0.0,31.7,58.0,3
2026-06-24,20:00,245.3,0.0,32.1,58.0,2
2026-06-24,20:30,217.8,0.0,30.9,58.0,5
2026-06-24,21:00,221.5,0.0,30.0,58.0,14
2026-06-24,21:30,221.1,2.3,30.1,58.0,0
2026-06-24,22:00,206.0,0.0,29.1,58.0,16
2026-06-24,22:30,207.3,2.1,28.7,58.0,22
2026-06-24,23:00,208.8,0.0,28.6,30.0,20
2026-06-24,23:30,194.1,0.0,27.9,30.0,18
2026-06-25,00:00,200.3,3.0,28.0,15.0,16
2026-06-25,00:30,191.6,0.0,27.1,15.0,3
2026-06-25,01:00,209.0,2.1,27.6,15.0,23
2026-06-25,01:30,187.7,0.0,26.4,15.0,13
2026-06-25,02:00,182.5,0.5,26.9,15.0,2
2026-06-25,02:30,183.2,0.0,26.4,15.0,8
2026-06-25,03:00,178.2,2.7,26.5,15.0,13
2026-06-25,03:30,174.5,0.9,26.9,15.0,17
2026-06-25,04:00,169.8,0.0,26.5,15.0,8
2026-06-25,04:30,194.1,1.0,27.6,15.0,4
2026-06-25,05:00,193.5,0.0,28.0,15.0,7
2026-06-25,05:30,181.4,1.4,27.6,15.0,18
2026-06-25,06:00,212.4,0.1,28.7,30.0,8
2026-06-25,06:30,192.6,18.8,28.3,30.0,16
2026-06-25,07:00,218.3,46.1,29.7,30.0,24
2026-06-25,07:30,202.1,75.9,29.3,30.0,25
2026-06-25,08:00,548.0,95.0,30.8,30.0,213
2026-06-25,08:30,551.3,117.8,30.8,30.0,207
2026-06-25,09:00,558.1,132.3,31.4,30.0,223
2026-06-25,09:30,567.7,157.2,32.3,30.0,222
2026-06-25,10:00,564.6,169.6,32.3,30.0,226
2026-06-25,10:30,575.6,179.9,32.9,30.0,226
2026-06-25,11:00,576.1,193.7,33.8,30.0,209
2026-06-25,11:30,575.5,198.9,33.8,30.0,213
2026-06-25,12:00,563.9,190.9,34.5,30.0,75
2026-06-25,12:30,581.5,197.8,34.6,30.0,87
2026-06-25,13:00,589.3,188.3,35.4,30.0,216
2026-06-25,13:30,594.6,181.5,35.7,30.0,227
2026-06-25,14:00,602.0,171.2,35.8,30.0,226
2026-06-25,14:30,605.4,154.8,35.4,30.0,222
2026-06-25,15:00,584.9,138.8,35.2,30.0,208
2026-06-25,15:30,578.8,116.4,35.4,30.0,207
2026-06-25,16:00,590.5,104.6,35.2,30.0,212
2026-06-25,16:30,581.7,71.8,34.9,30.0,221
2026-06-25,17:00,588.5,50.3,34.9,30.0,209
2026-06-25,17:30,589.0,26.6,34.3,30.0,233
2026-06-25,18:00,270.2,1.8,33.5,58.0,12
2026-06-25,18:30,257.1,0.0,32.9,58.0,21
2026-06-25,19:00,253.1,3.0,33.1,58.0,8
2026-06-25,19:30,244.8,0.8,32.2,58.0,0
2026-06-25,20:00,234.4,0.0,31.0,58.0,0
2026-06-25,20:30,233.5,0.8,31.2,58.0,3
2026-06-25,21:00,213.1,2.3,30.2,58.0,5
2026-06-25,21:30,218.3,0.0,30.3,58.0,21
2026-06-25,22:00,204.4,6.3,29.3,58.0,2
2026-06-25,22:30,196.3,0.0,28.3,58.0,1
2026-06-25,23:00,203.1,1.3,27.8,30.0,10
2026-06-25,23:30,187.4,0.5,28.4,30.0,11
2026-06-26,00:00,196.4,0.7,27.1,15.0,1
2026-06-26,00:30,178.4,9.7,27.6,15.0,17
2026-06-26,01:00,170.1,0.0,26.9,15.0,0
2026-06-26,01:30,174.7,0.0,27.2,15.0,19
2026-06-26,02:00,188.3,0.0,27.2,15.0,24
2026-06-26,02:30,176.1,2.5,26.7,15.0,0
2026-06-26,03:00,168.1,0.0,27.1,15.0,0
2026-06-26,03:30,182.9,3.1,27.2,15.0,3
2026-06-26,04:00,190.2,1.9,27.4,15.0,14
2026-06-26,04:30,169.8,0.0,26.7,15.0,12
2026-06-26,05:00,180.1,4.5,27.2,15.0,2
2026-06-26,05:30,177.3,2.8,27.7,15.0,8
2026-06-26,06:00,193.2,0.4,28.3,30.0,5
2026-06-26,06:30,200.0,24.8,28.6,30.0,11
2026-06-26,07:00,235.5,43.7,29.8,30.0,6
2026-06-26,07:30,216.4,69.1,30.2,30.0,0
2026-06-26,08:00,527.9,87.9,30.0,30.0,220
2026-06-26,08:30,541.7,108.0,30.7,30.0,206
2026-06-26,09:00,562.0,130.4,31.4,30.0,218
2026-06-26,09:30,556.7,143.1,32.7,30.0,222
2026-06-26,10:00,585.9,153.9,33.0,30.0,233
2026-06-26,10:30,564.7,171.5,33.3,30.0,210
2026-06-26,11:00,582.2,176.8,33.7,30.0,217
2026-06-26,11:30,587.6,178.9,34.3,30.0,225
2026-06-26,12:00,569.2,189.1,33.9,30.0,94
2026-06-26,12:30,593.6,182.6,35.1,30.0,86
2026-06-26,13:00,593.6,179.4,35.4,30.0,212
2026-06-26,13:30,607.7,166.0,35.5,30.0,209
2026-06-26,14:00,601.5,160.4,35.3,30.0,220
2026-06-26,14:30,587.0,145.9,35.0,30.0,231
2026-06-26,15:00,594.8,131.3,35.7,30.0,213
2026-06-26,15:30,597.0,114.3,35.6,30.0,211
2026-06-26,16:00,602.5,94.5,35.2,30.0,232
2026-06-26,16:30,594.9,73.0,34.3,30.0,217
2026-06-26,17:00,589.2,44.3,35.0,30.0,207
2026-06-26,17:30,582.4,24.1,34.4,30.0,222
2026-06-26,18:00,251.9,1.6,33.1,58.0,8
2026-06-26,18:30,252.2,4.8,33.2,58.0,24
2026-06-26,19:00,248.6,0.0,33.0,58.0,0
2026-06-26,19:30,239.2,0.0,31.6,58.0,17
2026-06-26,20:00,238.1,2.2,31.0,58.0,20
2026-06-26,20:30,241.4,0.0,31.6,58.0,19
2026-06-26,21:00,232.1,0.0,31.0,58.0,1
2026-06-26,21:30,222.0,0.0,29.7,58.0,10
2026-06-26,22:00,218.5,0.0,29.7,58.0,0
2026-06-26,22:30,202.5,1.3,29.1,58.0,24
2026-06-26,23:00,208.0,0.2,28.9,30.0,17
2026-06-26,23:30,195.8,0.0,28.2,30.0,2
2026-06-27,00:00,192.0,6.6,27.1,15.0,0
2026-06-27,00:30,179.6,0.0,26.9,15.0,0
2026-06-27,01:00,188.1,0.9,26.6,15.0,4
2026-06-27,01:30,178.3,0.0,26.6,15.0,14
2026-06-27,02:00,173.0,0.0,27.2,15.0,0
2026-06-27,02:30,176.7,0.0,26.8,15.0,5
2026-06-27,03:00,177.7,5.2,27.0,15.0,0
2026-06-27,03:30,187.0,0.0,26.6,15.0,10
2026-06-27,04:00,183.9,1.8,27.5,15.0,5
2026-06-27,04:30,187.4,1.1,26.9,15.0,13
2026-06-27,05:00,185.8,3.3,27.4,15.0,9
2026-06-27,05:30,193.9,0.0,28.3,15.0,0
2026-06-27,06:00,190.5,0.0,27.8,30.0,1
2026-06-27,06:30,201.5,27.3,28.3,30.0,0
2026-06-27,07:00,215.7,51.5,29.9,30.0,5
2026-06-27,07:30,219.5,67.3,30.3,30.0,4
2026-06-27,08:00,241.2,96.3,30.9,30.0,0
2026-06-27,08:30,235.9,116.4,31.4,30.0,5
2026-06-27,09:00,245.5,132.7,31.6,30.0,8
2026-06-27,09:30,231.2,157.2,31.8,30.0,3
2026-06-27,10:00,239.5,168.6,32.0,30.0,15
2026-06-27,10:30,254.5,179.6,32.8,30.0,2
2026-06-27,11:00,255.1,186.6,33.2,30.0,11
2026-06-27,11:30,277.4,192.8,34.2,30.0,1
2026-06-27,12:00,277.2,191.8,34.7,30.0,16
2026-06-27,12:30,283.3,189.2,35.1,30.0,19
2026-06-27,13:00,284.0,187.2,35.5,30.0,3
2026-06-27,13:30,278.8,180.7,35.2,30.0,4
2026-06-27,14:00,284.7,167.7,35.6,30.0,20
2026-06-27,14:30,291.4,156.6,35.8,30.0,7
2026-06-27,15:00,286.3,131.9,35.3,30.0,6
2026-06-27,15:30,273.3,119.9,34.8,30.0,7
2026-06-27,16:00,264.6,99.3,34.5,30.0,12
2026-06-27,16:30,265.8,74.6,34.6,30.0,29
2026-06-27,17:00,270.0,46.7,34.4,30.0,2
2026-06-27,17:30,263.9,18.1,34.4,30.0,0
2026-06-27,18:00,251.5,0.0,33.4,58.0,0
2026-06-27,18:30,238.6,0.0,32.6,58.0,0
2026-06-27,19:00,256.4,1.5,33.2,58.0,9
2026-06-27,19:30,238.6,0.6,32.1,58.0,0
2026-06-27,20:00,250.7,0.0,31.7,58.0,7
2026-06-27,20:30,224.1,0.4,31.1,58.0,1
2026-06-27,21:00,232.4,0.0,30.9,58.0,4
2026-06-27,21:30,201.7,1.0,29.7,58.0,18
2026-06-27,22:00,201.9,0.8,28.8,58.0,15
2026-06-27,22:30,210.4,0.8,28.8,58.0,13
2026-06-27,23:00,205.9,2.1,28.9,30.0,7
2026-06-27,23:30,188.4,0.0,27.7,30.0,0
2026-06-28,00:00,178.8,1.5,27.7,15.0,11
2026-06-28,00:30,178.9,0.0,27.1,15.0,19
2026-06-28,01:00,186.9,5.2,27.4,15.0,14
2026-06-28,01:30,177.3,0.0,27.0,15.0,2
2026-06-28,02:00,183.6,0.0,26.3,15.0,5
2026-06-28,02:30,178.3,0.0,26.9,15.0,6
2026-06-28,03:00,176.7,0.0,27.1,15.0,0
2026-06-28,03:30,156.6,0.0,26.7,15.0,14
2026-06-28,04:00,178.5,0.0,26.9,15.0,2
2026-06-28,04:30,175.0,0.0,27.1,15.0,14
2026-06-28,05:00,185.3,0.5,27.1,15.0,1
2026-06-28,05:30,198.1,0.0,28.1,15.0,0
2026-06-28,06:00,187.1,3.0,27.8,30.0,0
2026-06-28,06:30,195.9,24.4,28.5,30.0,1
2026-06-28,07:00,218.0,42.4,28.8,30.0,3
2026-06-28,07:30,221.8,72.0,30.0,30.0,18
2026-06-28,08:00,207.6,99.7,29.8,30.0,17
2026-06-28,08:30,240.8,110.1,31.4,30.0,0
2026-06-28,09:00,241.7,130.9,31.9,30.0,11
2026-06-28,09:30,247.3,154.8,32.1,30.0,14
2026-06-28,10:00,252.4,157.5,32.8,30.0,1
2026-06-28,10:30,245.5,172.1,33.3,30.0,1
2026-06-28,11:00,266.1,173.0,33.5,30.0,4
2026-06-28,11:30,262.8,184.9,34.5,30.0,21
2026-06-28,12:00,267.4,188.2,34.1,30.0,3
2026-06-28,12:30,268.1,184.7,35.0,30.0,19
2026-06-28,13:00,275.9,182.6,35.1,30.0,27
2026-06-28,13:30,263.2,172.0,35.2,30.0,10
2026-06-28,14:00,293.6,163.1,35.8,30.0,3
2026-06-28,14:30,273.6,144.4,35.0,30.0,6
2026-06-28,15:00,268.4,126.8,34.9,30.0,30
2026-06-28,15:30,280.3,111.6,34.8,30.0,15
2026-06-28,16:00,276.1,90.4,34.3,30.0,28
2026-06-28,16:30,268.2,73.4,34.9,30.0,12
2026-06-28,17:00,268.8,47.1,34.1,30.0,5
2026-06-28,17:30,254.2,23.8,33.5,30.0,11
2026-06-28,18:00,256.9,0.8,33.5,58.0,20
2026-06-28,18:30,252.2,0.0,33.5,58.0,0
2026-06-28,19:00,247.8,4.9,33.0,58.0,14
2026-06-28,19:30,256.8,0.0,32.5,58.0,7
2026-06-28,20:00,237.6,0.0,31.8,58.0,0
2026-06-28,20:30,219.9,0.4,31.0,58.0,17
2026-06-28,21:00,209.3,0.0,30.9,58.0,5
2026-06-28,21:30,213.9,0.6,30.1,58.0,5
2026-06-28,22:00,215.9,2.0,29.0,58.0,3
2026-06-28,22:30,207.5,0.0,28.7,58.0,16
2026-06-28,23:00,180.1,0.0,28.0,30.0,0
2026-06-28,23:30,189.7,4.5,27.7,30.0,0
2026-06-29,00:00,181.3,0.0,27.7,15.0,23
2026-06-29,00:30,187.0,3.0,27.2,15.0,0
2026-06-29,01:00,178.7,0.0,26.7,15.0,11
2026-06-29,01:30,184.7,0.0,26.6,15.0,0
2026-06-29,02:00,179.6,0.8,26.2,15.0,0
2026-06-29,02:30,184.0,0.0,26.7,15.0,14
2026-06-29,03:00,166.0,3.8,26.3,15.0,0
2026-06-29,03:30,180.1,1.4,27.1,15.0,9
2026-06-29,04:00,186.9,1.8,26.9,15.0,11
2026-06-29,04:30,190.0,1.5,27.2,15.0,3
2026-06-29,05:00,178.9,1.1,27.4,15.0,2
2026-06-29,05:30,207.4,0.0,28.0,15.0,17
2026-06-29,06:00,204.8,8.6,28.5,30.0,7
2026-06-29,06:30,207.6,28.6,29.3,30.0,23
2026-06-29,07:00,204.4,44.2,28.7,30.0,11
2026-06-29,07:30,223.8,69.8,30.0,30.0,4
2026-06-29,08:00,523.2,95.2,30.3,30.0,229
2026-06-29,08:30,540.8,110.0,30.8,30.0,209
2026-06-29,09:00,563.8,127.5,31.5,30.0,235
2026-06-29,09:30,574.5,143.2,32.1,30.0,215
2026-06-29,10:00,571.2,162.4,32.7,30.0,218
2026-06-29,10:30,560.3,169.1,32.7,30.0,214
2026-06-29,11:00,573.0,179.3,33.3,30.0,228
2026-06-29,11:30,579.6,183.9,33.9,30.0,206
2026-06-29,12:00,589.0,181.7,33.9,30.0,105
2026-06-29,12:30,577.1,181.5,34.9,30.0,98
2026-06-29,13:00,602.2,174.7,34.9,30.0,212
2026-06-29,13:30,605.9,167.9,35.4,30.0,229
2026-06-29,14:00,591.1,161.8,34.6,30.0,217
2026-06-29,14:30,601.2,146.3,35.8,30.0,227
2026-06-29,15:00,583.9,127.0,34.7,30.0,233
2026-06-29,15:30,593.4,118.2,34.5,30.0,210
2026-06-29,16:00,599.8,99.6,34.7,30.0,229
2026-06-29,16:30,602.4,70.6,34.3,30.0,210
2026-06-29,17:00,570.8,49.7,33.8,30.0,225
2026-06-29,17:30,571.5,22.3,33.7,30.0,224
2026-06-29,18:00,269.2,5.6,33.0,58.0,24
2026-06-29,18:30,253.5,0.0,33.4,58.0,0
2026-06-29,19:00,247.9,0.0,32.0,58.0,1
2026-06-29,19:30,238.0,0.0,32.5,58.0,0
2026-06-29,20:00,228.4,0.7,31.2,58.0,19
2026-06-29,20:30,213.1,2.5,30.3,58.0,2
2026-06-29,21:00,217.1,0.0,30.4,58.0,24
2026-06-29,21:30,215.9,2.2,30.0,58.0,6
2026-06-29,22:00,209.4,1.6,29.3,58.0,0
2026-06-29,22:30,191.1,1.2,28.9,58.0,12
2026-06-29,23:00,200.3,0.0,28.4,30.0,16
2026-06-29,23:30,197.5,1.9,28.3,30.0,18
2026-06-30,00:00,199.1,0.3,27.3,15.0,0
2026-06-30,00:30,166.4,0.0,26.7,15.0,3
2026-06-30,01:00,184.8,0.0,26.5,15.0,20
2026-06-30,01:30,182.1,1.2,27.0,15.0,5
2026-06-30,02:00,195.6,3.3,26.2,15.0,12
2026-06-30,02:30,177.2,0.0,27.0,15.0,13
2026-06-30,03:00,176.3,1.5,26.3,15.0,17
2026-06-30,03:30,168.4,1.1,26.7,15.0,0
2026-06-30,04:00,179.2,3.8,26.6,15.0,3
2026-06-30,04:30,196.9,0.4,27.6,15.0,17
2026-06-30,05:00,192.8,1.2,28.0,15.0,16
2026-06-30,05:30,197.2,2.4,27.8,15.0,7
2026-06-30,06:00,186.0,0.5,28.3,30.0,18
2026-06-30,06:30,202.9,26.2,29.0,30.0,24
2026-06-30,07:00,186.9,48.0,29.4,30.0,20
2026-06-30,07:30,222.2,79.5,30.3,30.0,22
2026-06-30,08:00,541.5,98.1,30.3,30.0,225
2026-06-30,08:30,540.6,122.7,30.3,30.0,213
2026-06-30,09:00,546.6,142.4,31.6,30.0,231
2026-06-30,09:30,554.2,160.4,32.0,30.0,232
2026-06-30,10:00,568.0,180.7,32.9,30.0,231
2026-06-30,10:30,575.8,185.3,33.1,30.0,216
2026-06-30,11:00,590.2,200.5,33.7,30.0,219
2026-06-30,11:30,576.5,202.8,33.8,30.0,219
2026-06-30,12:00,582.9,204.2,34.7,30.0,103
2026-06-30,12:30,575.4,202.7,34.5,30.0,96
2026-06-30,13:00,601.0,201.1,34.8,30.0,213
2026-06-30,13:30,579.9,185.7,35.0,30.0,213
2026-06-30,14:00,599.3,180.1,35.6,30.0,227
2026-06-30,14:30,597.1,156.7,35.6,30.0,208
2026-06-30,15:00,598.2,143.4,34.9,30.0,231
2026-06-30,15:30,592.3,122.0,34.6,30.0,234
2026-06-30,16:00,601.1,101.9,35.2,30.0,222
2026-06-30,16:30,590.0,79.5,34.0,30.0,206
2026-06-30,17:00,579.0,52.8,33.8,30.0,233
2026-06-30,17:30,576.4,24.7,34.0,30.0,223
2026-06-30,18:00,249.0,0.0,33.2,58.0,19
2026-06-30,18:30,243.6,0.0,33.3,58.0,8
2026-06-30,19:00,232.8,0.0,32.3,58.0,0
2026-06-30,19:30,245.4,0.2,32.4,58.0,14
2026-06-30,20:00,224.2,2.9,31.3,58.0,0
2026-06-30,20:30,222.3,0.0,30.8,58.0,11
2026-06-30,21:00,222.4,0.0,30.4,58.0,2
2026-06-30,21:30,204.8,1.9,29.8,58.0,7
2026-06-30,22:00,204.4,0.0,28.7,58.0,8
2026-06-30,22:30,191.9,1.5,29.1,58.0,6
2026-06-30,23:00,209.6,2.6,28.5,30.0,25
2026-06-30,23:30,182.1,1.5,27.5,30.0,17
2026-07-01,00:00,180.2,0.0,27.2,15.0,19
2026-07-01,00:30,190.3,0.0,27.1,15.0,15
2026-07-01,01:00,189.3,0.3,27.2,15.0,15
2026-07-01,01:30,186.6,3.0,26.2,15.0,7
2026-07-01,02:00,173.1,2.3,26.2,15.0,18
2026-07-01,02:30,200.0,0.0,27.1,15.0,3
2026-07-01,03:00,178.7,0.0,27.0,15.0,16
2026-07-01,03:30,179.5,0.7,27.1,15.0,0
2026-07-01,04:00,184.5,0.9,26.6,15.0,13
2026-07-01,04:30,178.8,0.5,27.2,15.0,0
2026-07-01,05:00,191.2,0.7,27.9,15.0,11
2026-07-01,05:30,177.6,0.0,27.5,15.0,8
2026-07-01,06:00,194.3,1.1,27.7,30.0,17
2026-07-01,06:30,187.6,24.4,28.3,30.0,24
2026-07-01,07:00,218.3,47.3,29.7,30.0,25
2026-07-01,07:30,217.9,72.5,29.3,30.0,0
2026-07-01,08:00,529.8,92.3,30.2,30.0,206
2026-07-01,08:30,533.7,114.1,31.3,30.0,214
2026-07-01,09:00,559.2,129.3,31.5,30.0,216
2026-07-01,09:30,558.9,144.3,32.3,30.0,222
2026-07-01,10:00,589.5,159.7,32.9,30.0,212
2026-07-01,10:30,562.8,172.1,32.7,30.0,216
2026-07-01,11:00,583.8,183.9,33.7,30.0,235
2026-07-01,11:30,578.0,180.1,34.0,30.0,212
2026-07-01,12:00,571.9,187.2,34.5,30.0,79
2026-07-01,12:30,588.6,185.4,34.6,30.0,92
2026-07-01,13:00,581.0,178.9,34.3,30.0,214
2026-07-01,13:30,607.8,171.4,35.2,30.0,232
2026-07-01,14:00,603.7,155.5,35.5,30.0,221
2026-07-01,14:30,602.3,141.5,35.3,30.0,219
2026-07-01,15:00,575.8,131.1,34.5,30.0,212
2026-07-01,15:30,595.5,109.2,34.7,30.0,214
2026-07-01,16:00,590.9,92.3,34.3,30.0,221
2026-07-01,16:30,595.6,64.8,35.0,30.0,217
2026-07-01,17:00,589.3,46.8,34.7,30.0,216
2026-07-01,17:30,590.6,24.9,34.1,30.0,209
2026-07-01,18:00,267.6,1.2,33.9,58.0,0
2026-07-01,18:30,254.2,3.1,32.6,58.0,22
2026-07-01,19:00,237.3,0.0,32.4,58.0,18
2026-07-01,19:30,234.9,0.0,32.2,58.0,9
2026-07-01,20:00,244.4,0.0,31.1,58.0,5
2026-07-01,20:30,217.5,2.2,30.8,58.0,0
2026-07-01,21:00,220.7,0.0,30.0,58.0,12
2026-07-01,21:30,204.3,0.0,29.4,58.0,0
2026-07-01,22:00,219.5,0.0,29.7,58.0,2
2026-07-01,22:30,209.8,0.0,28.8,58.0,16
2026-07-01,23:00,194.2,4.3,28.7,30.0,12
2026-07-01,23:30,183.2,0.9,27.6,30.0,17
2026-07-02,00:00,192.2,1.3,27.9,15.0,0
2026-07-02,00:30,168.8,0.7,27.0,15.0,4
2026-07-02,01:00,176.7,4.7,26.2,15.0,25
2026-07-02,01:30,176.5,0.0,26.6,15.0,5
2026-07-02,02:00,172.2,0.0,26.3,15.0,22
2026-07-02,02:30,167.5,0.0,26.0,15.0,0
2026-07-02,03:00,180.8,0.6,26.9,15.0,19
2026-07-02,03:30,177.9,2.0,26.1,15.0,0
2026-07-02,04:00,185.4,3.7,27.2,15.0,4
2026-07-02,04:30,160.7,0.5,26.9,15.0,15
2026-07-02,05:00,191.3,0.0,27.8,15.0,0
2026-07-02,05:30,183.4,0.0,27.5,15.0,0
2026-07-02,06:00,192.8,2.0,28.5,30.0,1
2026-07-02,06:30,194.7,27.0,28.3,30.0,18
2026-07-02,07:00,205.5,55.8,29.2,30.0,11
2026-07-02,07:30,216.6,80.2,29.2,30.0,22
2026-07-02,08:00,529.8,104.0,29.6,30.0,215
2026-07-02,08:30,554.3,122.9,30.8,30.0,222
2026-07-02,09:00,551.0,141.5,31.5,30.0,228
2026-07-02,09:30,555.3,165.7,31.9,30.0,233
2026-07-02,10:00,547.0,181.6,32.2,30.0,209
2026-07-02,10:30,559.4,189.5,32.6,30.0,232
2026-07-02,11:00,566.8,203.2,33.4,30.0,215
2026-07-02,11:30,568.0,207.1,33.5,30.0,211
2026-07-02,12:00,584.9,210.1,34.5,30.0,85
2026-07-02,12:30,573.4,208.1,34.1,30.0,94
2026-07-02,13:00,597.4,196.3,35.3,30.0,233
2026-07-02,13:30,578.2,190.5,34.4,30.0,209
2026-07-02,14:00,599.9,176.6,34.8,30.0,218
2026-07-02,14:30,606.8,165.0,35.4,30.0,225
2026-07-02,15:00,602.0,144.5,34.5,30.0,235
2026-07-02,15:30,598.8,124.4,34.8,30.0,215
2026-07-02,16:00,589.9,103.6,34.7,30.0,230
2026-07-02,16:30,605.8,74.0,34.0,30.0,207
2026-07-02,17:00,587.8,50.6,34.0,30.0,216
2026-07-02,17:30,580.5,32.1,34.0,30.0,208
2026-07-02,18:00,238.7,0.7,33.4,58.0,13
2026-07-02,18:30,256.5,0.0,32.7,58.0,15
2026-07-02,19:00,255.0,1.9,32.1,58.0,11
2026-07-02,19:30,232.6,3.3,31.5,58.0,14
2026-07-02,20:00,235.1,3.2,31.6,58.0,19
2026-07-02,20:30,233.8,1.9,31.2,58.0,10
2026-07-02,21:00,213.0,0.0,30.3,58.0,16
2026-07-02,21:30,239.2,4.7,30.2,58.0,1
2026-07-02,22:00,200.1,0.0,29.3,58.0,0
2026-07-02,22:30,208.7,1.7,29.0,58.0,12
2026-07-02,23:00,196.0,0.0,28.7,30.0,10
2026-07-02,23:30,177.4,0.0,27.4,30.0,22
2026-07-03,00:00,172.1,0.0,27.1,15.0,17
2026-07-03,00:30,182.4,0.0,26.5,15.0,25
2026-07-03,01:00,175.5,2.1,26.6,15.0,0
2026-07-03,01:30,178.1,0.0,25.9,15.0,0
2026-07-03,02:00,177.9,0.0,26.1,15.0,7
2026-07-03,02:30,181.8,4.3,26.8,15.0,25
2026-07-03,03:00,176.7,0.0,27.0,15.0,0
2026-07-03,03:30,187.5,2.6,26.7,15.0,20
2026-07-03,04:00,185.3,5.5,26.4,15.0,20
2026-07-03,04:30,190.3,0.0,27.4,15.0,9
2026-07-03,05:00,180.1,0.0,27.0,15.0,24
2026-07-03,05:30,190.4,0.0,27.8,15.0,3
2026-07-03,06:00,189.1,2.2,28.4,30.0,18
2026-07-03,06:30,184.4,29.4,28.3,30.0,4
2026-07-03,07:00,194.4,50.2,28.5,30.0,25
2026-07-03,07:30,196.6,75.2,29.2,30.0,24
2026-07-03,08:00,539.8,93.8,30.3,30.0,223
2026-07-03,08:30,549.4,114.0,30.5,30.0,212
2026-07-03,09:00,544.0,127.5,30.7,30.0,214
2026-07-03,09:30,550.8,146.2,32.0,30.0,216
2026-07-03,10:00,574.9,155.3,32.6,30.0,224
2026-07-03,10:30,579.8,173.0,33.3,30.0,214
2026-07-03,11:00,570.8,175.9,32.8,30.0,227
2026-07-03,11:30,579.3,184.8,33.9,30.0,211
2026-07-03,12:00,581.3,185.8,34.6,30.0,77
2026-07-03,12:30,570.7,179.9,34.0,30.0,75
2026-07-03,13:00,581.4,174.7,34.8,30.0,220
2026-07-03,13:30,584.5,171.1,34.7,30.0,207
2026-07-03,14:00,592.4,161.3,34.7,30.0,220
2026-07-03,14:30,600.3,148.5,34.9,30.0,223
2026-07-03,15:00,584.0,131.9,34.9,30.0,235
2026-07-03,15:30,591.2,107.5,34.4,30.0,221
2026-07-03,16:00,600.1,92.0,34.9,30.0,219
2026-07-03,16:30,582.3,76.7,34.3,30.0,213
2026-07-03,17:00,577.1,47.0,34.4,30.0,221
2026-07-03,17:30,579.0,22.8,33.5,30.0,217
2026-07-03,18:00,249.5,0.0,32.9,58.0,20
2026-07-03,18:30,249.7,1.8,33.2,58.0,9
2026-07-03,19:00,246.8,0.0,32.5,58.0,12
2026-07-03,19:30,246.8,0.0,31.8,58.0,0
2026-07-03,20:00,229.2,0.8,31.5,58.0,8
2026-07-03,20:30,233.5,3.1,30.7,58.0,2
2026-07-03,21:00,199.0,3.1,29.7,58.0,23
2026-07-03,21:30,207.0,2.8,29.5,58.0,14
2026-07-03,22:00,212.7,0.0,29.6,58.0,22
2026-07-03,22:30,201.2,0.0,28.0,58.0,21
2026-07-03,23:00,191.2,5.4,28.3,30.0,15
2026-07-03,23:30,176.1,0.9,27.7,30.0,15
2026-07-04,00:00,183.8,0.0,27.8,15.0,13
2026-07-04,00:30,191.3,0.0,27.0,15.0,5
2026-07-04,01:00,185.2,0.0,26.3,15.0,16
2026-07-04,01:30,179.1,0.6,26.2,15.0,0
2026-07-04,02:00,172.8,0.0,26.4,15.0,14
2026-07-04,02:30,182.1,0.0,26.1,15.0,9
2026-07-04,03:00,175.9,3.7,26.5,15.0,17
2026-07-04,03:30,171.1,2.1,26.7,15.0,20
2026-07-04,04:00,175.9,0.0,26.6,15.0,0
2026-07-04,04:30,180.0,4.8,27.3,15.0,0
2026-07-04,05:00,172.1,4.5,27.4,15.0,5
2026-07-04,05:30,189.5,0.4,27.8,15.0,19
2026-07-04,06:00,194.4,0.0,28.2,30.0,4
2026-07-04,06:30,204.0,25.1,28.8,30.0,0
2026-07-04,07:00,199.6,52.3,29.6,30.0,0
2026-07-04,07:30,208.3,75.6,29.7,30.0,0
2026-07-04,08:00,216.9,98.6,30.6,30.0,11
2026-07-04,08:30,225.4,124.6,30.6,30.0,0
2026-07-04,09:00,244.5,146.4,31.8,30.0,2
2026-07-04,09:30,233.6,162.4,31.2,30.0,17
2026-07-04,10:00,240.7,174.4,31.8,30.0,8
2026-07-04,10:30,250.3,186.2,32.6,30.0,4
2026-07-04,11:00,267.8,194.8,33.8,30.0,14
2026-07-04,11:30,247.1,200.6,33.4,30.0,23
2026-07-04,12:00,259.9,197.5,33.8,30.0,26
2026-07-04,12:30,275.9,198.5,34.5,30.0,23
2026-07-04,13:00,265.8,197.3,34.1,30.0,14
2026-07-04,13:30,276.1,185.4,34.9,30.0,11
2026-07-04,14:00,271.3,176.9,34.9,30.0,29
2026-07-04,14:30,276.1,160.1,35.3,30.0,25
2026-07-04,15:00,265.3,146.2,35.1,30.0,3
2026-07-04,15:30,279.1,120.5,35.3,30.0,21
2026-07-04,16:00,251.9,95.6,34.2,30.0,8
2026-07-04,16:30,267.3,75.8,34.9,30.0,16
2026-07-04,17:00,266.7,52.8,34.4,30.0,15
2026-07-04,17:30,266.1,27.4,33.5,30.0,1
2026-07-04,18:00,260.0,0.0,33.4,58.0,11
2026-07-04,18:30,253.8,0.0,32.8,58.0,20
2026-07-04,19:00,239.6,0.0,32.1,58.0,0
2026-07-04,19:30,234.1,0.0,31.5,58.0,0
2026-07-04,20:00,241.0,0.0,31.6,58.0,19
2026-07-04,20:30,219.8,0.4,30.9,58.0,9
2026-07-04,21:00,219.3,0.0,29.8,58.0,0
2026-07-04,21:30,210.9,0.0,29.2,58.0,3
2026-07-04,22:00,197.8,2.9,29.1,58.0,11
2026-07-04,22:30,194.7,1.6,28.7,58.0,0
2026-07-04,23:00,193.6,0.0,27.8,30.0,17
2026-07-04,23:30,203.9,2.0,28.1,30.0,6
2026-07-05,00:00,177.9,4.3,27.4,15.0,0
2026-07-05,00:30,187.5,0.0,27.2,15.0,9
2026-07-05,01:00,185.0,5.3,26.6,15.0,0
2026-07-05,01:30,182.6,0.0,26.2,15.0,0
2026-07-05,02:00,186.5,0.0,25.9,15.0,20
2026-07-05,02:30,172.7,1.9,26.1,15.0,19
2026-07-05,03:00,184.0,0.0,26.6,15.0,16
2026-07-05,03:30,179.6,1.0,27.0,15.0,11
2026-07-05,04:00,171.1,3.5,26.1,15.0,6
2026-07-05,04:30,193.5,4.8,27.1,15.0,0
2026-07-05,05:00,187.3,1.9,27.4,15.0,14
2026-07-05,05:30,192.9,3.5,27.9,15.0,18
2026-07-05,06:00,198.9,2.5,28.3,30.0,0
2026-07-05,06:30,195.8,31.0,27.9,30.0,15
2026-07-05,07:00,205.9,48.8,28.9,30.0,8
2026-07-05,07:30,217.7,83.2,29.6,30.0,0
2026-07-05,08:00,211.7,108.2,30.1,30.0,4
2026-07-05,08:30,222.5,136.0,30.3,30.0,16
2026-07-05,09:00,250.5,149.7,31.3,30.0,26
2026-07-05,09:30,225.5,170.3,31.1,30.0,13
2026-07-05,10:00,234.5,186.1,32.5,30.0,9
2026-07-05,10:30,240.2,198.7,32.5,30.0,6
2026-07-05,11:00,252.2,204.5,32.8,30.0,7
2026-07-05,11:30,260.3,208.0,33.6,30.0,0
2026-07-05,12:00,274.1,211.5,34.4,30.0,24
2026-07-05,12:30,265.4,207.4,34.3,30.0,13
2026-07-05,13:00,274.8,203.9,34.3,30.0,4
2026-07-05,13:30,274.7,192.7,34.3,30.0,16
2026-07-05,14:00,275.3,182.0,35.0,30.0,14
2026-07-05,14:30,275.3,169.6,35.4,30.0,19
2026-07-05,15:00,262.1,150.7,34.9,30.0,2
2026-07-05,15:30,275.2,128.8,34.8,30.0,18
2026-07-05,16:00,263.3,103.8,33.9,30.0,23
2026-07-05,16:30,246.2,76.5,33.7,30.0,28
2026-07-05,17:00,262.2,56.8,34.4,30.0,3
2026-07-05,17:30,246.9,26.7,33.4,30.0,6
2026-07-05,18:00,252.9,0.0,33.4,58.0,15
2026-07-05,18:30,235.4,0.0,32.5,58.0,11
2026-07-05,19:00,226.7,2.2,32.2,58.0,5
2026-07-05,19:30,256.1,0.0,32.1,58.0,10
2026-07-05,20:00,223.3,3.1,30.9,58.0,9
2026-07-05,20:30,215.2,2.6,30.8,58.0,0
2026-07-05,21:00,216.7,4.4,30.1,58.0,15
2026-07-05,21:30,190.0,2.1,29.3,58.0,0
2026-07-05,22:00,185.2,0.0,29.0,58.0,14
2026-07-05,22:30,216.8,0.0,29.0,58.0,0
2026-07-05,23:00,175.4,2.5,27.4,30.0,0
2026-07-05,23:30,187.6,2.0,28.0,30.0,6
2026-07-06,00:00,188.9,0.0,27.6,15.0,7
2026-07-06,00:30,187.8,0.0,26.3,15.0,24
2026-07-06,01:00,189.6,0.0,26.7,15.0,13
2026-07-06,01:30,183.4,0.0,26.9,15.0,14
2026-07-06,02:00,171.7,0.0,26.0,15.0,23
2026-07-06,02:30,179.1,0.9,26.1,15.0,0
2026-07-06,03:00,190.8,0.0,25.9,15.0,2
2026-07-06,03:30,190.8,2.8,26.0,15.0,20
2026-07-06,04:00,175.4,0.0,26.4,15.0,19
2026-07-06,04:30,181.8,4.2,26.5,15.0,0
2026-07-06,05:00,187.8,0.0,27.1,15.0,17
2026-07-06,05:30,168.1,0.0,27.3,15.0,18
2026-07-06,06:00,197.1,3.8,27.3,30.0,25
2026-07-06,06:30,214.4,25.9,28.0,30.0,0
2026-07-06,07:00,195.8,58.3,28.7,30.0,9
2026-07-06,07:30,209.1,79.7,29.8,30.0,19
2026-07-06,08:00,533.4,107.9,29.4,30.0,233
2026-07-06,08:30,535.9,134.8,30.1,30.0,207
2026-07-06,09:00,538.4,158.3,30.9,30.0,219
2026-07-06,09:30,544.6,177.4,31.8,30.0,205
2026-07-06,10:00,551.5,190.6,31.8,30.0,206
2026-07-06,10:30,574.4,197.6,33.0,30.0,225
2026-07-06,11:00,560.0,215.4,33.1,30.0,210
2026-07-06,11:30,567.3,215.3,33.7,30.0,224
2026-07-06,12:00,568.2,213.7,33.8,30.0,77
2026-07-06,12:30,579.8,220.8,34.0,30.0,92
2026-07-06,13:00,586.8,209.7,34.1,30.0,207
2026-07-06,13:30,566.5,197.5,34.6,30.0,217
2026-07-06,14:00,586.5,191.4,34.6,30.0,221
2026-07-06,14:30,593.3,170.5,34.6,30.0,229
2026-07-06,15:00,582.2,161.1,34.6,30.0,231
2026-07-06,15:30,598.4,136.5,35.1,30.0,216
2026-07-06,16:00,576.9,109.0,34.3,30.0,226
2026-07-06,16:30,580.3,88.3,34.1,30.0,219
2026-07-06,17:00,576.7,57.9,33.4,30.0,208
2026-07-06,17:30,580.6,27.0,33.4,30.0,212
2026-07-06,18:00,251.8,0.0,32.7,58.0,2
2026-07-06,18:30,269.9,0.6,32.6,58.0,25
2026-07-06,19:00,236.3,1.5,31.7,58.0,3
2026-07-06,19:30,236.2,0.0,31.8,58.0,0
2026-07-06,20:00,223.1,2.2,30.7,58.0,0
2026-07-06,20:30,219.6,0.0,30.1,58.0,2
2026-07-06,21:00,215.7,3.1,30.1,58.0,25
2026-07-06,21:30,196.4,7.6,29.1,58.0,15
2026-07-06,22:00,189.1,1.9,28.5,58.0,11
2026-07-06,22:30,182.5,0.0,28.4,58.0,15
2026-07-06,23:00,185.4,0.0,27.6,30.0,5
2026-07-06,23:30,178.2,0.0,27.0,30.0,20
2026-07-07,00:00,175.6,2.2,27.3,15.0,2
2026-07-07,00:30,181.9,3.7,26.9,15.0,12
2026-07-07,01:00,168.1,1.9,27.0,15.0,20
2026-07-07,01:30,170.5,1.8,26.6,15.0,0
2026-07-07,02:00,181.9,0.0,26.3,15.0,0
2026-07-07,02:30,187.5,2.3,25.6,15.0,5
2026-07-07,03:00,178.4,0.0,26.1,15.0,14
2026-07-07,03:30,193.9,0.4,26.6,15.0,0
2026-07-07,04:00,179.8,2.0,26.0,15.0,9
2026-07-07,04:30,171.6,0.0,27.0,15.0,7
2026-07-07,05:00,176.1,0.0,27.0,15.0,21
2026-07-07,05:30,198.6,2.3,27.0,15.0,11
2026-07-07,06:00,185.5,0.0,27.4,30.0,19
2026-07-07,06:30,202.9,28.7,27.9,30.0,14
2026-07-07,07:00,206.8,45.4,28.5,30.0,10
2026-07-07,07:30,197.8,71.2,28.9,30.0,18
2026-07-07,08:00,536.8,101.8,29.8,30.0,213
2026-07-07,08:30,530.4,114.3,30.2,30.0,234
2026-07-07,09:00,542.1,135.1,31.0,30.0,229
2026-07-07,09:30,562.3,151.4,31.9,30.0,215
2026-07-07,10:00,567.7,159.6,32.6,30.0,228
2026-07-07,10:30,561.7,175.3,32.6,30.0,229
2026-07-07,11:00,558.1,180.2,32.7,30.0,207
2026-07-07,11:30,577.0,183.7,33.4,30.0,233
2026-07-07,12:00,571.9,189.4,33.5,30.0,82
2026-07-07,12:30,569.7,189.9,34.4,30.0,93
2026-07-07,13:00,590.6,186.9,34.3,30.0,212
2026-07-07,13:30,570.9,173.0,34.0,30.0,207
2026-07-07,14:00,583.4,166.9,34.1,30.0,230
2026-07-07,14:30,593.3,151.7,34.3,30.0,211
2026-07-07,15:00,581.7,133.5,34.2,30.0,222
2026-07-07,15:30,579.0,111.6,34.1,30.0,233
2026-07-07,16:00,582.4,95.5,33.8,30.0,215
2026-07-07,16:30,592.1,68.5,33.8,30.0,209
2026-07-07,17:00,569.9,47.5,33.9,30.0,232
2026-07-07,17:30,562.1,30.9,33.9,30.0,216
2026-07-07,18:00,247.3,0.0,32.6,58.0,3
2026-07-07,18:30,245.3,0.0,32.7,58.0,13
2026-07-07,19:00,240.4,0.0,32.4,58.0,0
2026-07-07,19:30,227.5,0.0,31.9,58.0,0
2026-07-07,20:00,209.4,3.6,30.7,58.0,16
2026-07-07,20:30,213.4,0.0,30.9,58.0,6
2026-07-07,21:00,213.4,0.5,30.0,58.0,0
2026-07-07,21:30,204.4,5.2,29.7,58.0,8
2026-07-07,22:00,200.7,0.0,29.3,58.0,0
2026-07-07,22:30,210.4,4.0,28.5,58.0,24
2026-07-07,23:00,189.0,2.9,27.7,30.0,5
2026-07-07,23:30,185.9,3.7,26.8,30.0,18
2026-07-08,00:00,176.5,0.0,26.6,15.0,0
2026-07-08,00:30,181.1,0.0,26.1,15.0,23
2026-07-08,01:00,186.6,4.6,26.5,15.0,9
2026-07-08,01:30,189.5,0.0,26.2,15.0,18
2026-07-08,02:00,183.6,2.6,25.7,15.0,6
2026-07-08,02:30,178.2,0.0,25.7,15.0,11
2026-07-08,03:00,187.6,4.9,26.4,15.0,22
2026-07-08,03:30,174.8,0.0,26.3,15.0,22
2026-07-08,04:00,171.3,2.1,26.3,15.0,0
2026-07-08,04:30,200.9,0.0,26.7,15.0,9
2026-07-08,05:00,196.9,4.9,26.9,15.0,3
2026-07-08,05:30,174.5,0.9,26.9,15.0,9
2026-07-08,06:00,191.7,0.0,28.1,30.0,1
2026-07-08,06:30,216.1,26.3,28.6,30.0,13
2026-07-08,07:00,196.7,53.4,28.0,30.0,0
2026-07-08,07:30,212.4,82.6,29.7,30.0,0
2026-07-08,08:00,523.7,106.4,29.2,30.0,209
2026-07-08,08:30,538.0,130.6,29.9,30.0,205
2026-07-08,09:00,535.7,150.4,30.6,30.0,225
2026-07-08,09:30,559.1,166.8,31.8,30.0,235
2026-07-08,10:00,549.7,183.3,31.9,30.0,226
2026-07-08,10:30,578.5,193.9,33.0,30.0,205
2026-07-08,11:00,559.6,205.9,33.2,30.0,213
2026-07-08,11:30,574.3,213.3,33.6,30.0,234
2026-07-08,12:00,570.1,213.3,34.0,30.0,94
2026-07-08,12:30,568.5,207.1,33.8,30.0,88
2026-07-08,13:00,584.3,195.4,34.8,30.0,215
2026-07-08,13:30,592.1,199.3,33.9,30.0,235
2026-07-08,14:00,603.7,180.8,34.9,30.0,205
2026-07-08,14:30,601.7,171.0,35.2,30.0,223
2026-07-08,15:00,598.1,152.0,34.5,30.0,229
2026-07-08,15:30,579.6,125.5,34.5,30.0,213
2026-07-08,16:00,580.2,105.9,34.1,30.0,212
2026-07-08,16:30,574.9,75.6,33.5,30.0,224
2026-07-08,17:00,570.8,55.2,33.8,30.0,210
2026-07-08,17:30,567.2,25.7,33.1,30.0,235
2026-07-08,18:00,248.7,0.7,33.2,58.0,10
2026-07-08,18:30,247.2,0.0,32.2,58.0,15
2026-07-08,19:00,241.8,4.5,31.9,58.0,23
2026-07-08,19:30,234.4,0.0,31.5,58.0,20
2026-07-08,20:00,232.6,0.0,30.8,58.0,11
2026-07-08,20:30,222.4,1.3,30.3,58.0,25
2026-07-08,21:00,207.9,0.0,29.9,58.0,18
2026-07-08,21:30,213.0,6.7,28.9,58.0,0
2026-07-08,22:00,207.3,0.7,29.1,58.0,12
2026-07-08,22:30,200.4,4.1,28.2,58.0,14
2026-07-08,23:00,190.1,0.0,27.2,30.0,0
2026-07-08,23:30,197.9,5.2,27.8,30.0,19
2026-07-09,00:00,194.6,5.6,26.5,15.0,22
2026-07-09,00:30,192.4,0.0,26.4,15.0,16
2026-07-09,01:00,188.0,2.9,25.9,15.0,25
2026-07-09,01:30,182.0,1.7,26.3,15.0,22
2026-07-09,02:00,170.8,0.0,25.5,15.0,5
2026-07-09,02:30,186.8,4.7,26.0,15.0,25
2026-07-09,03:00,190.7,0.0,26.2,15.0,0
2026-07-09,03:30,184.8,0.0,26.4,15.0,20
2026-07-09,04:00,187.8,1.0,26.5,15.0,13
2026-07-09,04:30,178.4,0.6,26.3,15.0,24
2026-07-09,05:00,191.2,0.0,27.0,15.0,14
2026-07-09,05:30,189.0,3.3,27.5,15.0,17
2026-07-09,06:00,181.9,0.0,27.1,30.0,0
2026-07-09,06:30,181.8,24.5,28.3,30.0,17
2026-07-09,07:00,204.9,53.7,28.8,30.0,4
2026-07-09,07:30,202.7,78.6,29.3,30.0,3
2026-07-09,08:00,531.3,100.9,29.3,30.0,232
2026-07-09,08:30,546.1,131.5,30.6,30.0,213
2026-07-09,09:00,538.4,143.2,30.3,30.0,208
2026-07-09,09:30,554.2,167.6,31.8,30.0,208
2026-07-09,10:00,570.2,180.7,31.3,30.0,207
2026-07-09,10:30,555.5,189.4,32.2,30.0,234
2026-07-09,11:00,558.0,197.0,32.4,30.0,234
2026-07-09,11:30,571.9,203.1,33.5,30.0,216
2026-07-09,12:00,560.3,204.1,33.2,30.0,97
2026-07-09,12:30,562.6,206.8,33.4,30.0,84
2026-07-09,13:00,568.9,202.6,33.7,30.0,207
2026-07-09,13:30,583.4,188.6,34.5,30.0,206
2026-07-09,14:00,584.6,177.7,34.1,30.0,209
2026-07-09,14:30,582.2,155.9,34.6,30.0,213
2026-07-09,15:00,592.5,144.2,35.1,30.0,219
2026-07-09,15:30,585.1,124.3,34.5,30.0,221
2026-07-09,16:00,579.9,97.4,34.3,30.0,205
2026-07-09,16:30,581.6,84.8,33.4,30.0,222
2026-07-09,17:00,575.8,49.1,33.1,30.0,225
2026-07-09,17:30,571.8,23.9,33.3,30.0,232
2026-07-09,18:00,258.1,0.0,32.9,58.0,0
2026-07-09,18:30,252.6,0.5,32.6,58.0,0
2026-07-09,19:00,227.4,0.0,31.3,58.0,10
2026-07-09,19:30,243.4,1.4,31.2,58.0,18
2026-07-09,20:00,239.5,3.3,31.3,58.0,23
2026-07-09,20:30,210.6,2.0,30.8,58.0,0
2026-07-09,21:00,201.2,2.2,29.5,58.0,12
2026-07-09,21:30,207.8,0.0,28.5,58.0,4
2026-07-09,22:00,208.4,0.0,28.6,58.0,0
2026-07-09,22:30,183.0,0.0,28.6,58.0,0
2026-07-09,23:00,196.7,0.0,27.3,30.0,15
2026-07-09,23:30,196.2,0.3,27.5,30.0,9
2026-07-10,00:00,187.3,2.8,27.2,15.0,2
2026-07-10,00:30,182.7,0.0,26.6,15.0,0
2026-07-10,01:00,198.2,2.3,26.3,15.0,10
2026-07-10,01:30,185.0,0.6,25.5,15.0,22
2026-07-10,02:00,172.4,1.1,25.5,15.0,22
2026-07-10,02:30,177.4,4.1,25.7,15.0,11
2026-07-10,03:00,176.1,0.0,26.4,15.0,22
2026-07-10,03:30,189.3,2.0,26.0,15.0,15
2026-07-10,04:00,177.1,1.0,26.3,15.0,0
2026-07-10,04:30,175.8,1.4,26.6,15.0,19
2026-07-10,05:00,181.6,0.3,26.7,15.0,19
2026-07-10,05:30,179.2,3.9,26.7,15.0,5
2026-07-10,06:00,187.1,1.4,27.0,30.0,24
2026-07-10,06:30,206.7,25.4,27.9,30.0,13
2026-07-10,07:00,178.1,54.5,28.0,30.0,12
2026-07-10,07:30,205.0,81.2,28.5,30.0,9
2026-07-10,08:00,532.8,105.1,29.9,30.0,210
2026-07-10,08:30,550.1,124.1,29.9,30.0,232
2026-07-10,09:00,534.9,140.8,30.2,30.0,229
2026-07-10,09:30,549.2,160.4,31.0,30.0,224
2026-07-10,10:00,552.8,179.6,31.8,30.0,230
2026-07-10,10:30,588.9,190.2,32.8,30.0,220
2026-07-10,11:00,561.6,200.8,32.7,30.0,207
2026-07-10,11:30,580.0,201.4,33.5,30.0,213
2026-07-10,12:00,566.7,201.0,32.9,30.0,91
2026-07-10,12:30,584.9,204.7,34.4,30.0,90
2026-07-10,13:00,592.5,198.2,34.6,30.0,215
2026-07-10,13:30,584.2,193.2,34.8,30.0,218
2026-07-10,14:00,577.6,179.4,34.5,30.0,222
2026-07-10,14:30,586.7,165.1,34.7,30.0,213
2026-07-10,15:00,578.3,143.2,33.9,30.0,231
2026-07-10,15:30,588.3,127.7,34.4,30.0,211
2026-07-10,16:00,599.0,104.1,34.6,30.0,219
2026-07-10,16:30,582.4,76.3,34.1,30.0,219
2026-07-10,17:00,567.3,52.6,33.0,30.0,206
2026-07-10,17:30,567.2,27.9,32.8,30.0,231
2026-07-10,18:00,243.9,0.0,33.0,58.0,0
2026-07-10,18:30,240.1,4.2,31.8,58.0,11
2026-07-10,19:00,218.8,0.1,31.9,58.0,0
2026-07-10,19:30,232.9,5.5,31.5,58.0,23
2026-07-10,20:00,223.5,0.0,30.2,58.0,24
2026-07-10,20:30,211.1,0.0,30.1,58.0,0
2026-07-10,21:00,203.5,0.0,29.5,58.0,24
2026-07-10,21:30,194.9,0.0,28.6,58.0,0
2026-07-10,22:00,201.9,0.0,28.6,58.0,13
2026-07-10,22:30,194.6,0.3,27.8,58.0,25
2026-07-10,23:00,184.3,0.0,27.9,30.0,22
2026-07-10,23:30,186.0,0.0,26.5,30.0,18
2026-07-11,00:00,187.0,0.0,26.3,15.0,0
2026-07-11,00:30,173.3,1.6,25.9,15.0,0
2026-07-11,01:00,192.4,2.9,25.6,15.0,15
2026-07-11,01:30,180.6,2.2,25.9,15.0,0
2026-07-11,02:00,189.4,0.0,25.2,15.0,17
2026-07-11,02:30,168.3,0.6,25.6,15.0,14
2026-07-11,03:00,176.0,0.0,25.8,15.0,0
2026-07-11,03:30,185.3,2.5,25.7,15.0,0
2026-07-11,04:00,183.6,0.0,26.1,15.0,9
2026-07-11,04:30,183.0,0.6,26.2,15.0,16
2026-07-11,05:00,183.3,2.4,26.4,15.0,4
2026-07-11,05:30,173.7,0.0,27.4,15.0,10
2026-07-11,06:00,199.1,0.6,27.8,30.0,0
2026-07-11,06:30,204.5,29.2,27.8,30.0,0
2026-07-11,07:00,200.9,50.3,28.5,30.0,0
2026-07-11,07:30,205.4,75.0,28.7,30.0,0
2026-07-11,08:00,214.0,100.5,28.9,30.0,13
2026-07-11,08:30,207.4,122.3,29.6,30.0,14
2026-07-11,09:00,246.7,142.7,30.7,30.0,5
2026-07-11,09:30,236.4,167.2,31.1,30.0,4
2026-07-11,10:00,225.1,178.2,31.1,30.0,21
2026-07-11,10:30,233.9,188.9,31.6,30.0,4
2026-07-11,11:00,249.8,199.0,32.9,30.0,26
2026-07-11,11:30,238.4,197.0,32.7,30.0,28
2026-07-11,12:00,251.4,200.5,32.9,30.0,5
2026-07-11,12:30,266.8,201.2,34.1,30.0,8
2026-07-11,13:00,271.6,200.4,33.8,30.0,7
2026-07-11,13:30,259.8,190.6,33.6,30.0,13
2026-07-11,14:00,266.1,171.2,34.1,30.0,4
2026-07-11,14:30,256.8,161.4,33.8,30.0,27
2026-07-11,15:00,268.0,149.5,34.2,30.0,17
2026-07-11,15:30,272.9,126.9,34.1,30.0,6
2026-07-11,16:00,256.3,106.6,33.9,30.0,7
2026-07-11,16:30,249.7,82.3,33.6,30.0,21
2026-07-11,17:00,244.5,49.5,33.3,30.0,0
2026-07-11,17:30,276.6,26.3,33.6,30.0,13
2026-07-11,18:00,245.5,0.0,32.3,58.0,5
2026-07-11,18:30,251.5,0.0,32.2,58.0,20
2026-07-11,19:00,232.5,3.4,31.4,58.0,9
2026-07-11,19:30,237.0,0.0,31.6,58.0,14
2026-07-11,20:00,220.2,3.0,30.8,58.0,0
2026-07-11,20:30,213.1,2.6,29.6,58.0,4
2026-07-11,21:00,210.8,0.0,29.2,58.0,12
2026-07-11,21:30,195.9,0.4,28.4,58.0,7
2026-07-11,22:00,192.6,0.0,28.5,58.0,10
2026-07-11,22:30,182.4,0.0,28.1,58.0,0
2026-07-11,23:00,189.0,2.3,27.8,30.0,0
2026-07-11,23:30,178.9,0.0,27.5,30.0,0
2026-07-12,00:00,179.4,2.3,26.0,15.0,6
2026-07-12,00:30,170.1,0.7,26.6,15.0,8
2026-07-12,01:00,184.6,0.0,25.7,15.0,18
2026-07-12,01:30,185.9,2.3,25.7,15.0,10
2026-07-12,02:00,179.0,0.0,26.0,15.0,0
2026-07-12,02:30,181.2,0.3,26.2,15.0,1
2026-07-12,03:00,169.7,4.1,25.9,15.0,2
2026-07-12,03:30,175.5,0.7,25.7,15.0,12
2026-07-12,04:00,188.6,0.0,25.9,15.0,0
2026-07-12,04:30,178.6,0.0,25.9,15.0,9
2026-07-12,05:00,183.1,1.5,27.0,15.0,0
2026-07-12,05:30,189.2,1.3,27.2,15.0,13
2026-07-12,06:00,181.1,0.5,27.2,30.0,8
2026-07-12,06:30,189.4,23.7,27.4,30.0,0
2026-07-12,07:00,201.3,47.3,27.9,30.0,14
2026-07-12,07:30,197.5,78.3,29.1,30.0,14
2026-07-12,08:00,204.3,91.8,29.5,30.0,0
2026-07-12,08:30,219.7,115.9,29.9,30.0,17
2026-07-12,09:00,215.7,136.9,30.1,30.0,6
2026-07-12,09:30,245.2,150.8,31.3,30.0,19
2026-07-12,10:00,240.3,167.5,31.6,30.0,0
2026-07-12,10:30,251.0,182.4,32.6,30.0,11
2026-07-12,11:00,241.9,183.7,32.2,30.0,14
2026-07-12,11:30,251.7,194.5,33.1,30.0,26
2026-07-12,12:00,261.2,191.1,33.7,30.0,18
2026-07-12,12:30,275.0,183.9,34.0,30.0,27
2026-07-12,13:00,251.7,187.2,34.0,30.0,2
2026-07-12,13:30,273.0,176.0,33.5,30.0,10
2026-07-12,14:00,265.0,167.1,33.7,30.0,24
2026-07-12,14:30,260.7,156.1,34.1,30.0,23
2026-07-12,15:00,290.2,136.7,34.4,30.0,25
2026-07-12,15:30,257.1,116.1,33.6,30.0,23
2026-07-12,16:00,254.6,98.0,33.5,30.0,17
2026-07-12,16:30,256.5,76.2,33.2,30.0,20
2026-07-12,17:00,254.0,54.3,32.7,30.0,0
2026-07-12,17:30,248.2,21.3,32.4,30.0,6
2026-07-12,18:00,246.1,2.1,32.9,58.0,5
2026-07-12,18:30,237.8,4.1,32.0,58.0,1
2026-07-12,19:00,239.9,0.6,31.5,58.0,9
2026-07-12,19:30,240.5,0.0,31.5,58.0,13
2026-07-12,20:00,221.2,0.0,30.7,58.0,10
2026-07-12,20:30,227.9,0.0,29.9,58.0,6
2026-07-12,21:00,204.1,2.3,29.0,58.0,13
2026-07-12,21:30,224.5,0.0,29.4,58.0,0
2026-07-12,22:00,203.9,0.0,28.3,58.0,20
2026-07-12,22:30,180.0,4.5,27.5,58.0,19
2026-07-12,23:00,186.6,2.0,27.8,30.0,3
2026-07-12,23:30,179.6,2.9,26.3,30.0,3
2026-07-13,00:00,182.0,3.2,26.9,15.0,23
2026-07-13,00:30,188.0,0.0,25.9,15.0,4
2026-07-13,01:00,184.5,5.0,26.3,15.0,14
2026-07-13,01:30,187.6,0.0,25.6,15.0,21
2026-07-13,02:00,186.6,3.0,25.6,15.0,10
2026-07-13,02:30,179.8,3.3,25.9,15.0,25
2026-07-13,03:00,170.9,0.0,25.3,15.0,12
2026-07-13,03:30,178.8,0.0,26.2,15.0,12
2026-07-13,04:00,185.1,0.6,25.6,15.0,0
2026-07-13,04:30,175.2,0.0,25.8,15.0,0
2026-07-13,05:00,188.4,0.8,26.3,15.0,11
2026-07-13,05:30,161.9,5.8,27.2,15.0,19
2026-07-13,06:00,173.6,4.3,27.4,30.0,23
2026-07-13,06:30,187.1,7.0,28.1,30.0,13
2026-07-13,07:00,182.0,18.9,27.9,30.0,22
2026-07-13,07:30,198.9,37.0,29.0,30.0,19
2026-07-13,08:00,532.1,44.5,29.2,30.0,235
2026-07-13,08:30,540.2,54.3,30.0,30.0,219
2026-07-13,09:00,537.3,62.4,30.8,30.0,212
2026-07-13,09:30,542.2,66.7,31.4,30.0,233
2026-07-13,10:00,558.5,70.2,31.7,30.0,226
2026-07-13,10:30,573.7,72.6,32.4,30.0,212
2026-07-13,11:00,559.2,82.0,32.1,30.0,226
2026-07-13,11:30,554.8,80.5,32.6,30.0,234
2026-07-13,12:00,590.3,78.5,33.8,30.0,105
2026-07-13,12:30,562.7,80.5,33.4,30.0,98
2026-07-13,13:00,571.2,78.8,33.3,30.0,229
2026-07-13,13:30,557.3,71.2,33.4,30.0,207
2026-07-13,14:00,566.1,65.4,33.7,30.0,213
2026-07-13,14:30,571.7,60.1,33.6,30.0,218
2026-07-13,15:00,596.1,56.4,34.2,30.0,208
2026-07-13,15:30,587.0,51.6,33.6,30.0,225
2026-07-13,16:00,578.6,41.4,34.3,30.0,221
2026-07-13,16:30,581.9,29.3,34.0,30.0,211
2026-07-13,17:00,587.8,18.7,33.1,30.0,232
2026-07-13,17:30,558.0,9.4,32.7,30.0,218
2026-07-13,18:00,239.6,0.0,32.1,58.0,3
2026-07-13,18:30,244.3,2.0,32.4,58.0,18
2026-07-13,19:00,237.8,1.0,31.3,58.0,0
2026-07-13,19:30,242.4,0.0,31.4,58.0,25
2026-07-13,20:00,214.1,0.0,29.8,58.0,4
2026-07-13,20:30,193.4,3.9,29.2,58.0,0
2026-07-13,21:00,217.5,3.1,29.7,58.0,0
2026-07-13,21:30,198.1,1.8,28.7,58.0,0
2026-07-13,22:00,200.7,1.7,28.8,58.0,5
2026-07-13,22:30,182.7,0.0,27.6,58.0,18
2026-07-13,23:00,190.2,0.0,27.5,30.0,12
2026-07-13,23:30,178.4,0.1,27.3,30.0,23
2026-07-14,00:00,179.1,0.0,26.1,15.0,17
2026-07-14,00:30,179.5,0.0,25.4,15.0,0
2026-07-14,01:00,184.4,0.0,25.2,15.0,13
2026-07-14,01:30,179.5,0.0,25.4,15.0,7
2026-07-14,02:00,198.1,0.0,25.4,15.0,10
2026-07-14,02:30,170.7,0.0,25.8,15.0,14
2026-07-14,03:00,184.1,2.5,25.6,15.0,3
2026-07-14,03:30,164.8,2.9,25.4,15.0,25
2026-07-14,04:00,176.8,0.0,25.3,15.0,5
2026-07-14,04:30,192.3,0.0,26.0,15.0,16
2026-07-14,05:00,172.2,1.8,25.9,15.0,5
2026-07-14,05:30,187.0,1.0,26.7,15.0,12
2026-07-14,06:00,188.7,2.6,27.3,30.0,0
2026-07-14,06:30,176.7,22.8,27.0,30.0,0
2026-07-14,07:00,207.7,46.0,28.3,30.0,7
2026-07-14,07:30,198.5,67.6,28.7,30.0,0
2026-07-14,08:00,517.4,93.9,29.4,30.0,206
2026-07-14,08:30,528.1,109.8,29.4,30.0,231
2026-07-14,09:00,537.1,128.7,29.8,30.0,216
2026-07-14,09:30,528.3,147.4,30.3,30.0,214
2026-07-14,10:00,542.3,155.6,31.2,30.0,210
2026-07-14,10:30,550.8,167.5,32.1,30.0,234
2026-07-14,11:00,544.5,179.5,32.3,30.0,233
2026-07-14,11:30,560.8,180.2,32.6,30.0,209
2026-07-14,12:00,562.7,182.4,32.6,30.0,95
2026-07-14,12:30,576.9,183.3,33.7,30.0,93
2026-07-14,13:00,580.2,177.4,34.1,30.0,225
2026-07-14,13:30,571.6,167.0,33.7,30.0,206
2026-07-14,14:00,590.2,161.0,34.4,30.0,208
2026-07-14,14:30,577.3,146.8,33.7,30.0,210
2026-07-14,15:00,579.0,126.5,33.8,30.0,208
2026-07-14,15:30,586.6,114.7,34.2,30.0,211
2026-07-14,16:00,558.3,88.8,33.2,30.0,206
2026-07-14,16:30,562.8,69.7,34.0,30.0,209
2026-07-14,17:00,566.9,45.9,33.4,30.0,225
2026-07-14,17:30,562.2,28.1,32.3,30.0,212
2026-07-14,18:00,223.4,1.1,32.0,58.0,12
2026-07-14,18:30,235.4,1.3,31.9,58.0,8
2026-07-14,19:00,213.4,0.0,31.0,58.0,13
2026-07-14,19:30,223.2,0.5,31.3,58.0,6
2026-07-14,20:00,216.7,2.4,30.6,58.0,5
2026-07-14,20:30,218.5,0.0,29.3,58.0,15
2026-07-14,21:00,221.7,5.3,29.6,58.0,6
2026-07-14,21:30,204.0,0.3,28.8,58.0,20
2026-07-14,22:00,192.3,0.0,27.7,58.0,18
2026-07-14,22:30,204.3,0.5,27.6,58.0,25
2026-07-14,23:00,165.9,4.0,26.9,30.0,21
2026-07-14,23:30,174.8,2.8,26.2,30.0,22
2026-07-15,00:00,194.9,1.6,26.5,15.0,21
2026-07-15,00:30,184.7,1.4,25.5,15.0,0
2026-07-15,01:00,171.7,0.0,25.7,15.0,0
2026-07-15,01:30,166.8,0.0,25.6,15.0,5
2026-07-15,02:00,191.6,0.0,25.6,15.0,23
2026-07-15,02:30,176.6,1.9,25.7,15.0,17
2026-07-15,03:00,179.2,0.0,24.7,15.0,24
2026-07-15,03:30,196.2,1.2,25.9,15.0,0
2026-07-15,04:00,189.9,4.0,25.7,15.0,0
2026-07-15,04:30,167.6,0.0,25.5,15.0,16
2026-07-15,05:00,180.4,0.0,25.8,15.0,15
2026-07-15,05:30,179.5,0.7,26.2,15.0,12
2026-07-15,06:00,174.9,0.7,26.5,30.0,22
2026-07-15,06:30,170.0,30.0,27.6,30.0,0
2026-07-15,07:00,203.6,52.4,28.4,30.0,4
2026-07-15,07:30,200.3,77.1,27.9,30.0,17
2026-07-15,08:00,513.2,103.2,28.9,30.0,233
2026-07-15,08:30,514.6,122.5,29.7,30.0,217
2026-07-15,09:00,531.1,148.9,30.1,30.0,219
2026-07-15,09:30,548.8,160.4,30.4,30.0,208
2026-07-15,10:00,539.4,172.3,30.7,30.0,219
2026-07-15,10:30,545.3,186.9,32.2,30.0,230
2026-07-15,11:00,574.7,196.6,32.5,30.0,233
2026-07-15,11:30,551.3,201.4,32.8,30.0,232
2026-07-15,12:00,564.3,202.7,33.1,30.0,105
2026-07-15,12:30,580.8,198.7,33.9,30.0,75
2026-07-15,13:00,573.3,191.5,33.5,30.0,230
2026-07-15,13:30,580.3,190.0,34.3,30.0,234
2026-07-15,14:00,574.6,178.3,34.0,30.0,222
2026-07-15,14:30,585.1,159.3,33.6,30.0,207
2026-07-15,15:00,585.5,146.2,34.3,30.0,216
2026-07-15,15:30,579.2,120.1,33.7,30.0,206
2026-07-15,16:00,571.3,100.2,33.6,30.0,213
2026-07-15,16:30,568.6,78.3,33.2,30.0,216
2026-07-15,17:00,572.2,53.2,32.8,30.0,224
2026-07-15,17:30,568.5,25.5,32.1,30.0,230
2026-07-15,18:00,229.7,0.0,32.0,58.0,14
2026-07-15,18:30,250.2,0.6,31.5,58.0,11
2026-07-15,19:00,231.6,0.0,31.2,58.0,18
2026-07-15,19:30,218.1,0.0,30.2,58.0,0
2026-07-15,20:00,212.8,0.0,29.6,58.0,14
2026-07-15,20:30,208.6,1.1,29.9,58.0,2
2026-07-15,21:00,205.1,0.0,29.1,58.0,11
2026-07-15,21:30,208.2,0.0,28.8,58.0,23
2026-07-15,22:00,200.8,0.0,28.5,58.0,21
2026-07-15,22:30,180.5,2.4,27.8,58.0,2
2026-07-15,23:00,183.3,0.0,26.9,30.0,4
2026-07-15,23:30,177.8,0.0,26.4,30.0,0
2026-07-16,00:00,179.3,0.8,25.8,15.0,15
2026-07-16,00:30,184.3,0.0,25.8,15.0,3
2026-07-16,01:00,179.0,0.0,25.4,15.0,8
2026-07-16,01:30,192.2,2.5,25.2,15.0,18
2026-07-16,02:00,178.9,3.2,25.1,15.0,18
2026-07-16,02:30,177.7,0.0,24.8,15.0,11
2026-07-16,03:00,170.1,6.6,24.7,15.0,11
2026-07-16,03:30,175.5,0.6,24.8,15.0,15
2026-07-16,04:00,177.9,0.0,25.1,15.0,10
2026-07-16,04:30,179.6,0.0,25.7,15.0,10
2026-07-16,05:00,179.5,0.3,25.7,15.0,18
2026-07-16,05:30,196.5,1.2,26.3,15.0,6
2026-07-16,06:00,183.9,0.0,26.3,30.0,0
2026-07-16,06:30,195.3,30.9,27.9,30.0,20
2026-07-16,07:00,180.2,52.7,27.7,30.0,13
2026-07-16,07:30,187.8,78.2,28.2,30.0,25
2026-07-16,08:00,502.7,104.9,28.5,30.0,229
2026-07-16,08:30,542.2,120.4,29.4,30.0,210
2026-07-16,09:00,531.5,141.1,30.1,30.0,231
2026-07-16,09:30,535.2,161.5,30.0,30.0,214
2026-07-16,10:00,564.9,179.0,31.6,30.0,215
2026-07-16,10:30,567.4,181.8,31.6,30.0,224
2026-07-16,11:00,553.7,194.2,32.3,30.0,205
2026-07-16,11:30,577.1,208.2,33.0,30.0,210
2026-07-16,12:00,568.6,201.9,33.5,30.0,88
2026-07-16,12:30,564.7,199.6,33.1,30.0,78
2026-07-16,13:00,569.1,193.2,33.0,30.0,225
2026-07-16,13:30,573.3,183.9,33.4,30.0,217
2026-07-16,14:00,585.0,178.5,34.2,30.0,222
2026-07-16,14:30,571.6,161.1,33.4,30.0,214
2026-07-16,15:00,568.1,144.6,33.4,30.0,217
2026-07-16,15:30,584.5,127.4,33.7,30.0,212
2026-07-16,16:00,573.5,100.4,34.0,30.0,221
2026-07-16,16:30,572.9,79.7,33.6,30.0,234
2026-07-16,17:00,569.2,56.7,32.6,30.0,225
2026-07-16,17:30,562.5,26.8,32.3,30.0,228
2026-07-16,18:00,249.3,2.5,32.1,58.0,1
2026-07-16,18:30,238.6,2.1,32.1,58.0,12
2026-07-16,19:00,221.9,1.5,31.1,58.0,10
2026-07-16,19:30,224.9,0.0,31.0,58.0,16
2026-07-16,20:00,219.4,1.1,29.7,58.0,22
2026-07-16,20:30,205.9,0.2,29.7,58.0,1
2026-07-16,21:00,201.0,4.5,29.0,58.0,22
2026-07-16,21:30,189.1,0.0,28.0,58.0,23
2026-07-16,22:00,191.5,0.0,27.4,58.0,22
2026-07-16,22:30,180.9,0.0,27.2,58.0,0
2026-07-16,23:00,179.2,0.0,26.6,30.0,23
2026-07-16,23:30,167.9,0.0,26.4,30.0,22
2026-07-17,00:00,191.8,4.4,25.6,15.0,11
2026-07-17,00:30,188.3,4.6,26.3,15.0,13
2026-07-17,01:00,192.3,0.4,26.0,15.0,25
2026-07-17,01:30,185.5,0.0,25.1,15.0,0
2026-07-17,02:00,185.8,1.9,25.0,15.0,24
2026-07-17,02:30,185.6,5.0,25.6,15.0,14
2026-07-17,03:00,174.5,0.0,25.2,15.0,0
2026-07-17,03:30,175.2,4.3,25.2,15.0,2
2026-07-17,04:00,173.1,4.8,25.0,15.0,25
2026-07-17,04:30,191.7,0.0,26.1,15.0,11
2026-07-17,05:00,173.6,3.4,26.1,15.0,10
2026-07-17,05:30,176.4,2.3,26.2,15.0,13
2026-07-17,06:00,178.9,0.8,26.9,30.0,24
2026-07-17,06:30,187.8,28.3,27.0,30.0,24
2026-07-17,07:00,181.5,58.6,28.1,30.0,8
2026-07-17,07:30,200.9,79.2,28.6,30.0,24
2026-07-17,08:00,535.1,111.9,28.9,30.0,232
2026-07-17,08:30,512.7,131.7,29.4,30.0,227
2026-07-17,09:00,536.0,160.5,30.3,30.0,207
2026-07-17,09:30,561.0,172.4,31.0,30.0,219
2026-07-17,10:00,546.6,187.4,31.5,30.0,232
2026-07-17,10:30,558.2,205.6,31.0,30.0,219
2026-07-17,11:00,557.3,218.4,32.5,30.0,214
2026-07-17,11:30,578.3,216.6,32.4,30.0,222
2026-07-17,12:00,556.2,223.7,32.9,30.0,87
2026-07-17,12:30,580.4,213.1,33.0,30.0,93
2026-07-17,13:00,561.4,210.5,33.0,30.0,211
2026-07-17,13:30,584.1,206.4,33.8,30.0,214
2026-07-17,14:00,583.4,191.8,34.0,30.0,212
2026-07-17,14:30,592.7,170.4,34.2,30.0,217
2026-07-17,15:00,584.0,156.9,34.2,30.0,217
2026-07-17,15:30,576.9,136.8,33.9,30.0,212
2026-07-17,16:00,575.7,109.4,32.9,30.0,214
2026-07-17,16:30,558.3,88.5,32.8,30.0,206
2026-07-17,17:00,564.6,56.4,32.8,30.0,220
2026-07-17,17:30,570.1,27.4,32.6,30.0,226
2026-07-17,18:00,227.5,0.0,32.2,58.0,0
2026-07-17,18:30,231.4,0.0,31.8,58.0,2
2026-07-17,19:00,228.2,3.0,30.7,58.0,9
2026-07-17,19:30,237.8,0.0,30.3,58.0,2
2026-07-17,20:00,215.9,0.0,29.4,58.0,15
2026-07-17,20:30,213.3,0.0,29.4,58.0,25
2026-07-17,21:00,211.0,0.0,29.2,58.0,2
2026-07-17,21:30,195.2,1.5,28.0,58.0,10
2026-07-17,22:00,194.2,0.0,28.2,58.0,6
2026-07-17,22:30,178.0,0.0,27.0,58.0,20
2026-07-17,23:00,177.2,2.3,26.9,30.0,0
2026-07-17,23:30,185.4,1.3,26.7,30.0,15
2026-07-18,00:00,189.9,0.5,26.2,15.0,19
2026-07-18,00:30,183.3,0.0,25.7,15.0,0
2026-07-18,01:00,185.6,0.7,25.2,15.0,0
2026-07-18,01:30,178.2,5.4,25.6,15.0,9
2026-07-18,02:00,185.5,0.0,25.3,15.0,7
2026-07-18,02:30,182.1,0.0,24.5,15.0,9
2026-07-18,03:00,181.7,3.5,25.2,15.0,15
2026-07-18,03:30,181.5,0.0,25.5,15.0,1
2026-07-18,04:00,188.2,0.0,25.5,15.0,16
2026-07-18,04:30,189.9,0.0,26.0,15.0,0
2026-07-18,05:00,169.2,5.2,26.1,15.0,19
2026-07-18,05:30,175.4,1.4,26.4,15.0,0
2026-07-18,06:00,188.2,0.0,26.7,30.0,0
2026-07-18,06:30,195.9,27.3,27.7,30.0,2
2026-07-18,07:00,196.4,50.5,27.9,30.0,3
2026-07-18,07:30,188.0,75.0,27.6,30.0,15
2026-07-18,08:00,201.8,98.1,28.9,30.0,3
2026-07-18,08:30,216.5,129.8,29.5,30.0,18
2026-07-18,09:00,220.5,144.9,29.6,30.0,17
2026-07-18,09:30,214.8,159.2,30.6,30.0,1
2026-07-18,10:00,224.1,175.6,30.9,30.0,0
2026-07-18,10:30,235.1,190.0,31.1,30.0,19
2026-07-18,11:00,243.7,200.5,32.3,30.0,26
2026-07-18,11:30,238.3,201.0,32.0,30.0,2
2026-07-18,12:00,254.4,202.4,32.6,30.0,29
2026-07-18,12:30,261.9,197.9,32.8,30.0,26
2026-07-18,13:00,259.8,197.8,33.5,30.0,2
2026-07-18,13:30,281.7,188.1,34.0,30.0,19
2026-07-18,14:00,271.2,179.2,33.6,30.0,21
2026-07-18,14:30,276.8,164.2,34.1,30.0,24
2026-07-18,15:00,257.9,148.4,33.8,30.0,24
2026-07-18,15:30,261.3,123.0,33.5,30.0,1
2026-07-18,16:00,261.3,102.8,32.8,30.0,29
2026-07-18,16:30,237.1,78.5,32.7,30.0,5
2026-07-18,17:00,252.8,54.9,32.1,30.0,0
2026-07-18,17:30,236.6,24.6,32.4,30.0,16
2026-07-18,18:00,237.4,1.4,32.4,58.0,10
2026-07-18,18:30,238.1,4.4,31.5,58.0,14
2026-07-18,19:00,243.8,1.7,30.8,58.0,5
2026-07-18,19:30,234.0,0.0,30.5,58.0,6
2026-07-18,20:00,220.4,3.9,30.1,58.0,12
2026-07-18,20:30,203.3,0.7,29.5,58.0,0
2026-07-18,21:00,188.9,0.0,28.3,58.0,7
2026-07-18,21:30,214.0,0.5,28.6,58.0,0
2026-07-18,22:00,171.9,0.4,27.7,58.0,11
2026-07-18,22:30,185.8,6.2,27.5,58.0,13
2026-07-18,23:00,176.5,0.0,26.7,30.0,17
2026-07-18,23:30,168.5,0.1,26.4,30.0,0
2026-07-19,00:00,176.9,0.0,25.4,15.0,7
2026-07-19,00:30,173.1,1.3,25.0,15.0,0
2026-07-19,01:00,187.8,3.7,24.7,15.0,11
2026-07-19,01:30,176.5,0.4,25.6,15.0,15
2026-07-19,02:00,173.6,0.0,24.5,15.0,13
2026-07-19,02:30,187.0,0.0,24.9,15.0,17
2026-07-19,03:00,172.6,8.4,25.1,15.0,2
2026-07-19,03:30,185.2,3.4,24.6,15.0,0
2026-07-19,04:00,184.1,0.0,25.6,15.0,16
2026-07-19,04:30,185.9,0.1,24.9,15.0,12
2026-07-19,05:00,192.6,4.3,26.0,15.0,0
2026-07-19,05:30,182.5,0.0,26.0,15.0,16
2026-07-19,06:00,192.9,0.0,26.0,30.0,0
2026-07-19,06:30,171.9,26.9,26.5,30.0,0
2026-07-19,07:00,174.4,55.4,27.0,30.0,13
2026-07-19,07:30,193.3,85.6,28.3,30.0,0
2026-07-19,08:00,221.0,106.7,29.0,30.0,0
2026-07-19,08:30,222.6,128.4,29.4,30.0,17
2026-07-19,09:00,223.3,154.8,29.9,30.0,6
2026-07-19,09:30,213.6,172.5,29.7,30.0,13
2026-07-19,10:00,230.2,185.4,31.2,30.0,15
2026-07-19,10:30,249.9,198.0,31.7,30.0,28
2026-07-19,11:00,238.6,208.8,32.3,30.0,16
2026-07-19,11:30,233.0,210.9,32.5,30.0,6
2026-07-19,12:00,251.5,218.1,32.8,30.0,25
2026-07-19,12:30,253.5,213.4,33.1,30.0,8
2026-07-19,13:00,246.2,217.3,33.1,30.0,28
2026-07-19,13:30,240.6,202.3,32.8,30.0,9
2026-07-19,14:00,271.6,193.7,33.6,30.0,27
2026-07-19,14:30,261.3,171.5,33.2,30.0,0
2026-07-19,15:00,259.7,151.8,33.1,30.0,13
2026-07-19,15:30,250.9,135.8,33.1,30.0,5
2026-07-19,16:00,264.5,108.1,33.2,30.0,24
2026-07-19,16:30,264.8,80.1,33.2,30.0,4
2026-07-19,17:00,238.6,56.6,32.5,30.0,0
2026-07-19,17:30,220.5,26.8,31.7,30.0,1
2026-07-19,18:00,235.4,0.4,31.8,58.0,0
2026-07-19,18:30,228.0,3.0,31.0,58.0,0
2026-07-19,19:00,230.9,0.0,31.1,58.0,0
2026-07-19,19:30,218.0,0.0,30.2,58.0,0
2026-07-19,20:00,221.5,0.7,29.7,58.0,1
2026-07-19,20:30,212.9,4.1,29.7,58.0,0
2026-07-19,21:00,199.7,0.1,28.9,58.0,15
2026-07-19,21:30,183.8,1.4,27.5,58.0,0
2026-07-19,22:00,180.1,0.0,27.3,58.0,0
2026-07-19,22:30,188.1,2.3,27.2,58.0,0
2026-07-19,23:00,171.6,0.2,26.9,30.0,15
2026-07-19,23:30,183.0,3.5,26.4,30.0,0
2026-07-20,00:00,173.7,0.0,25.1,15.0,6
2026-07-20,00:30,162.9,0.6,25.0,15.0,21
2026-07-20,01:00,163.7,0.5,24.6,15.0,9
2026-07-20,01:30,183.2,0.0,25.5,15.0,17
2026-07-20,02:00,166.5,0.0,25.4,15.0,0
2026-07-20,02:30,181.2,0.0,24.5,15.0,1
2026-07-20,03:00,188.8,0.9,25.2,15.0,12
2026-07-20,03:30,179.5,1.6,24.6,15.0,3
2026-07-20,04:00,188.0,0.0,24.7,15.0,19
2026-07-20,04:30,181.2,4.5,25.0,15.0,8
2026-07-20,05:00,167.9,0.0,25.6,15.0,0
2026-07-20,05:30,179.0,0.0,26.0,15.0,24
2026-07-20,06:00,177.1,0.0,27.0,30.0,15
2026-07-20,06:30,181.0,27.3,26.9,30.0,21
2026-07-20,07:00,184.5,51.0,27.6,30.0,18
2026-07-20,07:30,204.0,82.5,27.5,30.0,12
2026-07-20,08:00,509.5,107.0,28.7,30.0,227
2026-07-20,08:30,536.3,127.1,28.7,30.0,232
2026-07-20,09:00,523.7,149.7,29.3,30.0,216
2026-07-20,09:30,538.3,164.2,30.2,30.0,218
2026-07-20,10:00,531.3,174.6,31.0,30.0,223
2026-07-20,10:30,543.7,193.8,30.9,30.0,231
2026-07-20,11:00,552.0,198.1,31.9,30.0,235
2026-07-20,11:30,548.0,204.4,31.7,30.0,208
2026-07-20,12:00,540.3,205.9,32.2,30.0,99
2026-07-20,12:30,555.8,209.0,32.6,30.0,98
2026-07-20,13:00,552.8,200.3,32.5,30.0,228
2026-07-20,13:30,570.2,190.5,33.1,30.0,223
2026-07-20,14:00,589.7,181.6,33.6,30.0,233
2026-07-20,14:30,567.8,166.5,33.0,30.0,217
2026-07-20,15:00,584.3,146.0,33.6,30.0,215
2026-07-20,15:30,563.3,125.9,33.3,30.0,230
2026-07-20,16:00,573.3,108.4,33.1,30.0,229
2026-07-20,16:30,563.6,83.2,33.1,30.0,226
2026-07-20,17:00,576.1,52.5,31.9,30.0,206
2026-07-20,17:30,541.8,29.9,31.6,30.0,234
2026-07-20,18:00,240.6,0.0,32.2,58.0,0
2026-07-20,18:30,235.9,0.0,31.5,58.0,16
2026-07-20,19:00,237.3,1.5,30.5,58.0,22
2026-07-20,19:30,213.0,0.0,30.4,58.0,14
2026-07-20,20:00,207.8,0.0,29.2,58.0,2
2026-07-20,20:30,188.1,4.7,28.7,58.0,0
2026-07-20,21:00,191.6,0.0,28.1,58.0,20
2026-07-20,21:30,192.6,0.0,27.9,58.0,15
2026-07-20,22:00,186.8,0.0,27.7,58.0,22
2026-07-20,22:30,195.8,3.1,27.5,58.0,0
2026-07-20,23:00,186.5,4.6,26.1,30.0,14
2026-07-20,23:30,160.2,0.0,26.6,30.0,2
2026-07-21,00:00,182.6,5.9,26.0,15.0,0
2026-07-21,00:30,183.2,0.0,25.3,15.0,10
2026-07-21,01:00,166.7,0.0,25.2,15.0,24
2026-07-21,01:30,186.1,0.0,24.4,15.0,14
2026-07-21,02:00,190.7,1.9,24.9,15.0,17
2026-07-21,02:30,186.5,0.0,24.9,15.0,3
2026-07-21,03:00,175.7,1.9,25.1,15.0,10
2026-07-21,03:30,181.8,1.6,24.4,15.0,0
2026-07-21,04:00,196.9,1.3,25.0,15.0,25
2026-07-21,04:30,187.6,0.0,25.6,15.0,0
2026-07-21,05:00,177.8,3.6,25.8,15.0,2
2026-07-21,05:30,177.3,0.0,25.4,15.0,21
2026-07-21,06:00,180.1,2.0,26.3,30.0,10
2026-07-21,06:30,173.4,29.4,26.6,30.0,5
2026-07-21,07:00,173.8,48.0,27.1,30.0,0
2026-07-21,07:30,192.3,65.4,28.1,30.0,13
2026-07-21,08:00,514.0,92.8,28.0,30.0,228
2026-07-21,08:30,528.9,110.1,29.3,30.0,227
2026-07-21,09:00,523.5,137.7,29.4,30.0,212
2026-07-21,09:30,539.9,144.5,30.5,30.0,211
2026-07-21,10:00,541.3,164.9,31.2,30.0,235
2026-07-21,10:30,551.9,172.4,31.1,30.0,232
2026-07-21,11:00,556.2,179.9,31.8,30.0,214
2026-07-21,11:30,557.6,189.2,32.1,30.0,206
2026-07-21,12:00,562.7,187.8,32.6,30.0,79
2026-07-21,12:30,554.6,186.9,32.5,30.0,95
2026-07-21,13:00,561.3,181.9,33.1,30.0,227
2026-07-21,13:30,562.2,174.3,32.6,30.0,208
2026-07-21,14:00,585.1,159.2,33.8,30.0,224
2026-07-21,14:30,584.9,147.6,33.3,30.0,231
2026-07-21,15:00,568.0,135.3,33.0,30.0,214
2026-07-21,15:30,588.0,113.0,33.4,30.0,221
2026-07-21,16:00,557.5,95.1,32.7,30.0,235
2026-07-21,16:30,556.0,72.9,32.2,30.0,226
2026-07-21,17:00,565.0,49.3,32.3,30.0,232
2026-07-21,17:30,552.9,27.2,31.9,30.0,207
2026-07-21,18:00,221.0,0.8,31.4,58.0,19
2026-07-21,18:30,238.0,0.3,31.5,58.0,19
2026-07-21,19:00,214.7,0.0,30.9,58.0,3
2026-07-21,19:30,202.9,0.0,29.9,58.0,8
2026-07-21,20:00,211.2,0.0,29.6,58.0,3
2026-07-21,20:30,210.2,0.0,29.4,58.0,11
2026-07-21,21:00,208.0,0.0,28.5,58.0,21
2026-07-21,21:30,183.6,0.0,27.6,58.0,1
2026-07-21,22:00,181.9,0.0,27.2,58.0,0
2026-07-21,22:30,173.6,0.0,26.6,58.0,23
2026-07-21,23:00,180.8,2.7,26.5,30.0,0
2026-07-21,23:30,184.4,1.7,26.0,30.0,0
2026-07-22,00:00,180.1,0.0,26.1,15.0,4
2026-07-22,00:30,179.8,7.7,24.7,15.0,0
2026-07-22,01:00,170.7,0.0,24.8,15.0,7
2026-07-22,01:30,185.2,0.0,25.2,15.0,10
2026-07-22,02:00,195.5,2.6,24.9,15.0,25
2026-07-22,02:30,182.2,0.0,24.3,15.0,1
2026-07-22,03:00,181.7,0.7,24.8,15.0,0
2026-07-22,03:30,193.8,1.0,24.4,15.0,0
2026-07-22,04:00,170.5,0.0,24.5,15.0,1
2026-07-22,04:30,175.3,0.0,25.6,15.0,0
2026-07-22,05:00,180.4,2.3,25.2,15.0,0
2026-07-22,05:30,190.8,2.1,26.3,15.0,8
2026-07-22,06:00,182.8,4.6,25.8,30.0,15
2026-07-22,06:30,181.0,32.7,26.2,30.0,11
2026-07-22,07:00,192.3,53.1,26.7,30.0,5
2026-07-22,07:30,186.4,82.3,27.7,30.0,12
2026-07-22,08:00,519.5,104.9,28.7,30.0,221
2026-07-22,08:30,532.2,130.8,29.4,30.0,234
2026-07-22,09:00,524.2,149.5,29.4,30.0,233
2026-07-22,09:30,536.9,168.7,30.1,30.0,229
2026-07-22,10:00,542.4,179.4,30.9,30.0,216
2026-07-22,10:30,552.2,194.0,31.5,30.0,224
2026-07-22,11:00,546.5,198.5,31.0,30.0,233
2026-07-22,11:30,566.5,207.7,31.5,30.0,221
2026-07-22,12:00,554.7,208.0,32.3,30.0,84
2026-07-22,12:30,555.3,210.7,32.6,30.0,82
2026-07-22,13:00,565.1,206.6,33.2,30.0,212
2026-07-22,13:30,566.4,197.2,32.4,30.0,229
2026-07-22,14:00,582.1,184.9,33.6,30.0,233
2026-07-22,14:30,573.9,169.1,33.3,30.0,213
2026-07-22,15:00,573.5,152.1,33.6,30.0,227
2026-07-22,15:30,563.9,131.9,32.5,30.0,223
2026-07-22,16:00,565.7,107.9,33.2,30.0,205
2026-07-22,16:30,556.6,81.9,32.4,30.0,232
2026-07-22,17:00,571.7,49.1,32.8,30.0,210
2026-07-22,17:30,540.5,27.2,31.4,30.0,207
2026-07-22,18:00,233.6,0.0,30.9,58.0,8
2026-07-22,18:30,228.0,1.7,30.6,58.0,12
2026-07-22,19:00,209.7,2.0,30.1,58.0,13
2026-07-22,19:30,223.8,0.0,30.2,58.0,0
2026-07-22,20:00,195.9,0.0,29.1,58.0,18
2026-07-22,20:30,217.4,0.0,29.1,58.0,20
2026-07-22,21:00,190.5,1.6,28.4,58.0,22
2026-07-22,21:30,197.1,0.0,28.2,58.0,22
2026-07-22,22:00,181.5,0.0,27.5,58.0,0
2026-07-22,22:30,177.2,0.0,26.4,58.0,16
2026-07-22,23:00,170.5,0.0,26.2,30.0,16
2026-07-22,23:30,175.5,2.5,26.0,30.0,0
2026-07-23,00:00,172.5,1.2,25.0,15.0,16
2026-07-23,00:30,185.8,0.0,25.4,15.0,1
2026-07-23,01:00,174.7,5.0,25.0,15.0,9
2026-07-23,01:30,184.4,0.4,24.7,15.0,1
2026-07-23,02:00,182.2,0.0,24.7,15.0,17
2026-07-23,02:30,193.5,0.3,23.9,15.0,13
2026-07-23,03:00,178.7,2.0,24.1,15.0,2
2026-07-23,03:30,192.8,0.0,25.0,15.0,20
2026-07-23,04:00,176.0,2.5,25.3,15.0,18
2026-07-23,04:30,184.1,1.8,25.1,15.0,4
2026-07-23,05:00,172.2,3.0,25.0,15.0,6
2026-07-23,05:30,175.4,0.9,25.7,15.0,3
2026-07-23,06:00,172.9,0.0,26.7,30.0,4
2026-07-23,06:30,179.4,20.8,26.8,30.0,10
2026-07-23,07:00,183.0,47.1,27.0,30.0,0
2026-07-23,07:30,188.8,72.0,28.1,30.0,17
2026-07-23,08:00,514.8,93.5,28.6,30.0,231
2026-07-23,08:30,526.5,115.9,29.0,30.0,226
2026-07-23,09:00,520.2,137.1,29.6,30.0,225
2026-07-23,09:30,523.0,148.7,29.8,30.0,228
2026-07-23,10:00,524.4,163.1,30.6,30.0,212
2026-07-23,10:30,555.8,176.0,31.0,30.0,229
2026-07-23,11:00,557.7,181.9,30.8,30.0,234
2026-07-23,11:30,561.7,188.0,32.3,30.0,231
2026-07-23,12:00,541.8,186.9,32.7,30.0,81
2026-07-23,12:30,542.5,191.4,32.1,30.0,77
2026-07-23,13:00,575.9,183.9,33.0,30.0,235
2026-07-23,13:30,573.1,173.7,32.6,30.0,228
2026-07-23,14:00,555.7,163.6,33.4,30.0,222
2026-07-23,14:30,560.7,147.2,33.6,30.0,234
2026-07-23,15:00,562.9,134.7,33.0,30.0,210
2026-07-23,15:30,550.5,116.4,32.5,30.0,211
2026-07-23,16:00,570.1,92.9,32.2,30.0,216
2026-07-23,16:30,555.4,68.8,32.0,30.0,221
2026-07-23,17:00,562.5,48.0,32.1,30.0,220
2026-07-23,17:30,538.0,28.8,31.4,30.0,215
2026-07-23,18:00,237.5,3.3,31.0,58.0,17
2026-07-23,18:30,227.3,0.0,30.4,58.0,19
2026-07-23,19:00,219.2,1.3,30.6,58.0,0
2026-07-23,19:30,230.4,0.2,30.4,58.0,1
2026-07-23,20:00,213.7,8.6,29.4,58.0,22
2026-07-23,20:30,193.3,0.0,28.6,58.0,15
2026-07-23,21:00,208.8,0.0,28.4,58.0,16
2026-07-23,21:30,190.9,0.0,27.7,58.0,22
2026-07-23,22:00,185.6,0.5,26.8,58.0,0
2026-07-23,22:30,174.7,0.1,26.1,58.0,5
2026-07-23,23:00,173.9,1.6,26.0,30.0,8
2026-07-23,23:30,188.7,0.3,25.2,30.0,3
2026-07-24,00:00,183.4,3.3,25.0,15.0,21
2026-07-24,00:30,187.7,3.3,25.0,15.0,8
2026-07-24,01:00,202.1,3.6,24.6,15.0,0
2026-07-24,01:30,190.0,0.0,25.1,15.0,0
2026-07-24,02:00,179.7,4.4,23.9,15.0,21
2026-07-24,02:30,186.3,0.0,24.5,15.0,24
2026-07-24,03:00,191.7,1.2,24.0,15.0,5
2026-07-24,03:30,154.9,1.8,24.4,15.0,0
2026-07-24,04:00,182.9,0.0,24.4,15.0,1
2026-07-24,04:30,172.1,0.0,25.3,15.0,0
2026-07-24,05:00,182.9,2.4,25.4,15.0,25
2026-07-24,05:30,178.9,0.8,25.6,15.0,15
2026-07-24,06:00,171.8,0.0,26.4,30.0,24
2026-07-24,06:30,176.3,26.5,27.0,30.0,23
2026-07-24,07:00,187.9,53.5,27.2,30.0,5
2026-07-24,07:30,194.3,70.7,28.1,30.0,2
2026-07-24,08:00,516.3,91.0,27.5,30.0,231
2026-07-24,08:30,527.6,117.3,29.0,30.0,205
2026-07-24,09:00,507.2,136.3,28.7,30.0,224
2026-07-24,09:30,536.0,148.3,29.4,30.0,214
2026-07-24,10:00,528.5,163.3,29.9,30.0,207
2026-07-24,10:30,538.4,171.8,30.6,30.0,221
2026-07-24,11:00,549.3,179.5,31.5,30.0,227
2026-07-24,11:30,539.0,188.3,31.2,30.0,220
2026-07-24,12:00,554.7,196.2,32.0,30.0,97
2026-07-24,12:30,551.7,184.3,32.9,30.0,102
2026-07-24,13:00,567.2,184.9,32.6,30.0,225
2026-07-24,13:30,564.3,176.0,32.7,30.0,221
2026-07-24,14:00,574.6,158.8,33.0,30.0,225
2026-07-24,14:30,580.3,149.9,33.2,30.0,227
2026-07-24,15:00,571.8,132.1,32.9,30.0,211
2026-07-24,15:30,568.7,116.1,32.5,30.0,212
2026-07-24,16:00,562.1,94.3,32.3,30.0,234
2026-07-24,16:30,553.6,74.2,32.1,30.0,217
2026-07-24,17:00,570.8,50.7,32.1,30.0,228
2026-07-24,17:30,556.4,28.9,31.7,30.0,208
2026-07-24,18:00,221.8,0.0,31.5,58.0,13
2026-07-24,18:30,235.8,0.0,31.2,58.0,23
2026-07-24,19:00,232.1,2.2,30.6,58.0,16
2026-07-24,19:30,218.6,0.0,29.9,58.0,12
2026-07-24,20:00,235.2,0.0,29.9,58.0,21
2026-07-24,20:30,214.4,0.0,28.4,58.0,22
2026-07-24,21:00,202.0,1.7,28.2,58.0,0
2026-07-24,21:30,195.2,3.3,28.0,58.0,9
2026-07-24,22:00,176.1,1.6,26.5,58.0,24
2026-07-24,22:30,179.6,0.4,26.9,58.0,0
2026-07-24,23:00,186.5,2.9,26.5,30.0,19
2026-07-24,23:30,171.8,0.0,25.5,30.0,14
2026-07-25,00:00,176.5,2.1,24.9,15.0,0
2026-07-25,00:30,192.7,5.6,24.8,15.0,9
2026-07-25,01:00,181.8,3.2,24.5,15.0,1
2026-07-25,01:30,180.0,0.4,24.1,15.0,2
2026-07-25,02:00,178.2,0.0,23.8,15.0,18
2026-07-25,02:30,181.4,6.3,24.5,15.0,12
2026-07-25,03:00,173.0,3.0,24.0,15.0,15
2026-07-25,03:30,181.8,0.0,24.6,15.0,0
2026-07-25,04:00,165.1,1.1,25.2,15.0,12
2026-07-25,04:30,174.0,1.7,24.9,15.0,11
2026-07-25,05:00,161.8,0.5,25.0,15.0,7
2026-07-25,05:30,176.4,0.0,25.1,15.0,5
2026-07-25,06:00,180.8,0.0,26.5,30.0,0
2026-07-25,06:30,176.6,26.3,26.5,30.0,0
2026-07-25,07:00,192.9,50.1,27.5,30.0,0
2026-07-25,07:30,184.8,73.4,27.1,30.0,6
2026-07-25,08:00,179.9,97.4,28.2,30.0,6
2026-07-25,08:30,198.8,113.8,28.0,30.0,14
2026-07-25,09:00,205.2,137.7,28.9,30.0,4
2026-07-25,09:30,200.5,151.4,30.1,30.0,13
2026-07-25,10:00,222.5,165.0,30.5,30.0,4
2026-07-25,10:30,229.2,177.0,31.3,30.0,15
2026-07-25,11:00,231.3,188.2,31.7,30.0,27
2026-07-25,11:30,235.4,189.9,31.2,30.0,26
2026-07-25,12:00,228.4,193.1,32.5,30.0,11
2026-07-25,12:30,243.0,187.7,32.9,30.0,8
2026-07-25,13:00,253.7,184.5,33.2,30.0,11
2026-07-25,13:30,252.8,182.6,33.2,30.0,22
2026-07-25,14:00,253.1,168.1,33.1,30.0,6
2026-07-25,14:30,256.1,157.0,33.3,30.0,27
2026-07-25,15:00,241.7,134.4,33.2,30.0,14
2026-07-25,15:30,250.8,115.5,32.8,30.0,27
2026-07-25,16:00,252.4,94.7,32.2,30.0,10
2026-07-25,16:30,263.7,79.0,32.8,30.0,20
2026-07-25,17:00,244.5,49.1,32.3,30.0,8
2026-07-25,17:30,240.6,22.9,31.1,30.0,0
2026-07-25,18:00,226.5,0.0,31.1,58.0,5
2026-07-25,18:30,232.4,0.8,31.0,58.0,0
2026-07-25,19:00,215.0,0.0,30.1,58.0,0
2026-07-25,19:30,212.0,0.0,29.9,58.0,13
2026-07-25,20:00,202.3,1.2,28.9,58.0,0
2026-07-25,20:30,205.0,0.0,28.8,58.0,6
2026-07-25,21:00,185.9,2.9,27.6,58.0,0
2026-07-25,21:30,181.6,0.0,27.0,58.0,19
2026-07-25,22:00,190.5,0.8,27.2,58.0,3
2026-07-25,22:30,188.2,0.0,26.5,58.0,0
2026-07-25,23:00,179.6,0.0,26.6,30.0,3
2026-07-25,23:30,184.2,0.0,26.1,30.0,13
2026-07-26,00:00,188.7,2.4,25.3,15.0,15
2026-07-26,00:30,157.6,5.6,25.1,15.0,20
2026-07-26,01:00,178.2,0.0,25.1,15.0,1
2026-07-26,01:30,180.5,2.2,25.0,15.0,0
2026-07-26,02:00,184.1,0.0,24.2,15.0,15
2026-07-26,02:30,167.5,1.5,24.1,15.0,13
2026-07-26,03:00,192.4,0.0,24.6,15.0,5
2026-07-26,03:30,197.9,3.4,24.4,15.0,7
2026-07-26,04:00,162.1,0.0,24.0,15.0,0
2026-07-26,04:30,175.9,0.0,24.7,15.0,2
2026-07-26,05:00,189.4,0.0,25.5,15.0,0
2026-07-26,05:30,182.0,3.5,26.1,15.0,20
2026-07-26,06:00,176.0,0.9,26.1,30.0,0
2026-07-26,06:30,183.7,5.3,26.1,30.0,0
2026-07-26,07:00,185.4,21.4,26.6,30.0,15
2026-07-26,07:30,173.2,29.1,27.3,30.0,0
2026-07-26,08:00,199.8,34.8,28.2,30.0,11
2026-07-26,08:30,193.3,47.3,29.1,30.0,3
2026-07-26,09:00,223.8,52.9,29.1,30.0,21
2026-07-26,09:30,211.7,63.5,29.6,30.0,20
2026-07-26,10:00,223.0,64.9,29.8,30.0,13
2026-07-26,10:30,223.0,72.2,30.7,30.0,2
2026-07-26,11:00,229.4,74.9,31.4,30.0,8
2026-07-26,11:30,244.3,72.0,31.3,30.0,22
2026-07-26,12:00,232.4,75.1,32.2,30.0,27
2026-07-26,12:30,244.0,70.7,31.9,30.0,29
2026-07-26,13:00,239.3,73.9,32.9,30.0,8
2026-07-26,13:30,250.8,67.4,33.0,30.0,7
2026-07-26,14:00,239.2,63.0,32.5,30.0,12
2026-07-26,14:30,263.5,61.9,33.1,30.0,22
2026-07-26,15:00,258.4,54.9,32.4,30.0,30
2026-07-26,15:30,251.6,51.8,32.2,30.0,7
2026-07-26,16:00,263.0,39.6,33.0,30.0,25
2026-07-26,16:30,255.3,27.2,32.6,30.0,23
2026-07-26,17:00,235.0,14.4,32.1,30.0,0
2026-07-26,17:30,242.5,9.1,32.1,30.0,17
2026-07-26,18:00,224.7,0.0,31.2,58.0,7
2026-07-26,18:30,234.9,0.0,30.6,58.0,4
2026-07-26,19:00,202.1,0.2,30.1,58.0,7
2026-07-26,19:30,232.1,0.0,30.2,58.0,0
2026-07-26,20:00,217.4,0.0,29.2,58.0,12
2026-07-26,20:30,189.5,0.0,29.0,58.0,10
2026-07-26,21:00,202.3,0.0,28.2,58.0,1
2026-07-26,21:30,180.6,0.0,27.9,58.0,10
2026-07-26,22:00,190.3,0.0,26.5,58.0,12
2026-07-26,22:30,181.1,0.0,26.6,58.0,15
2026-07-26,23:00,178.5,0.2,25.6,30.0,0
2026-07-26,23:30,182.9,1.4,24.9,30.0,1
2026-07-27,00:00,191.4,0.0,24.6,15.0,22
2026-07-27,00:30,189.6,0.4,24.9,15.0,1
2026-07-27,01:00,193.5,4.8,24.0,15.0,22
2026-07-27,01:30,178.6,1.7,24.1,15.0,0
2026-07-27,02:00,176.3,0.0,24.0,15.0,0
2026-07-27,02:30,191.7,0.0,24.2,15.0,13
2026-07-27,03:00,183.4,1.1,24.6,15.0,15
2026-07-27,03:30,177.4,0.0,24.3,15.0,21
2026-07-27,04:00,170.4,0.0,25.0,15.0,1
2026-07-27,04:30,176.6,0.0,25.1,15.0,20
2026-07-27,05:00,169.1,0.0,24.9,15.0,0
2026-07-27,05:30,186.2,0.0,25.8,15.0,17
2026-07-27,06:00,185.3,0.0,26.4,30.0,20
2026-07-27,06:30,181.1,22.4,26.1,30.0,9
2026-07-27,07:00,168.1,53.7,27.1,30.0,13
2026-07-27,07:30,184.1,77.4,27.5,30.0,15
2026-07-27,08:00,504.0,97.3,27.7,30.0,232
2026-07-27,08:30,514.5,118.6,28.5,30.0,213
2026-07-27,09:00,515.9,136.7,29.0,30.0,215
2026-07-27,09:30,539.4,159.0,29.8,30.0,235
2026-07-27,10:00,547.1,172.2,30.1,30.0,228
2026-07-27,10:30,535.7,180.6,30.9,30.0,235
2026-07-27,11:00,548.4,195.7,31.6,30.0,210
2026-07-27,11:30,570.3,196.1,31.8,30.0,209
2026-07-27,12:00,548.0,193.9,32.2,30.0,93
2026-07-27,12:30,539.0,199.3,31.8,30.0,76
2026-07-27,13:00,568.3,197.7,32.8,30.0,231
2026-07-27,13:30,551.0,186.9,32.3,30.0,209
2026-07-27,14:00,559.9,175.4,32.7,30.0,224
2026-07-27,14:30,571.1,159.0,32.3,30.0,220
2026-07-27,15:00,563.0,136.9,32.6,30.0,222
2026-07-27,15:30,561.5,125.9,32.1,30.0,226
2026-07-27,16:00,564.6,99.6,32.3,30.0,216
2026-07-27,16:30,553.6,76.6,31.8,30.0,220
2026-07-27,17:00,540.2,50.6,31.8,30.0,207
2026-07-27,17:30,555.4,23.3,31.5,30.0,205
2026-07-27,18:00,228.4,0.0,31.1,58.0,13
2026-07-27,18:30,213.9,0.9,30.6,58.0,8
2026-07-27,19:00,212.4,0.0,29.7,58.0,18
2026-07-27,19:30,217.9,0.0,29.6,58.0,0
2026-07-27,20:00,190.3,2.6,28.6,58.0,12
2026-07-27,20:30,178.1,0.2,27.9,58.0,15
2026-07-27,21:00,210.5,0.0,28.2,58.0,15
2026-07-27,21:30,190.7,0.0,26.8,58.0,19
2026-07-27,22:00,191.3,0.4,26.9,58.0,0
2026-07-27,22:30,180.8,2.5,26.2,58.0,10
2026-07-27,23:00,179.9,0.0,25.6,30.0,0
2026-07-27,23:30,195.3,3.5,25.6,30.0,24
2026-07-28,00:00,187.5,0.0,25.3,15.0,0
2026-07-28,00:30,182.5,1.6,24.3,15.0,16
2026-07-28,01:00,162.2,2.6,24.1,15.0,7
2026-07-28,01:30,171.8,0.0,23.8,15.0,7
2026-07-28,02:00,179.7,0.4,24.3,15.0,3
2026-07-28,02:30,173.3,5.0,23.5,15.0,20
2026-07-28,03:00,203.9,5.4,23.7,15.0,9
2026-07-28,03:30,182.0,2.6,24.4,15.0,14
2026-07-28,04:00,177.9,1.5,24.1,15.0,3
2026-07-28,04:30,185.8,0.4,25.0,15.0,2
2026-07-28,05:00,162.2,0.0,25.0,15.0,0
2026-07-28,05:30,186.4,0.0,25.6,15.0,0
2026-07-28,06:00,186.6,0.1,25.2,30.0,0
2026-07-28,06:30,180.7,24.9,26.0,30.0,17
2026-07-28,07:00,174.6,45.7,26.7,30.0,5
2026-07-28,07:30,188.4,72.8,27.2,30.0,7
2026-07-28,08:00,517.5,83.1,28.3,30.0,218
2026-07-28,08:30,512.8,110.3,28.7,30.0,216
2026-07-28,09:00,511.0,130.3,28.4,30.0,214
2026-07-28,09:30,537.4,140.4,30.1,30.0,233
2026-07-28,10:00,541.7,157.4,30.1,30.0,233
2026-07-28,10:30,546.3,170.5,30.5,30.0,228
2026-07-28,11:00,565.8,174.6,31.6,30.0,206
2026-07-28,11:30,555.7,179.4,31.7,30.0,216
2026-07-28,12:00,557.6,182.5,32.1,30.0,98
2026-07-28,12:30,557.4,177.7,32.4,30.0,83
2026-07-28,13:00,549.4,168.5,32.3,30.0,220
2026-07-28,13:30,571.2,164.7,32.7,30.0,232
2026-07-28,14:00,564.2,154.3,32.9,30.0,234
2026-07-28,14:30,561.3,139.7,32.8,30.0,212
2026-07-28,15:00,555.8,127.3,32.4,30.0,231
2026-07-28,15:30,576.6,107.7,32.6,30.0,220
2026-07-28,16:00,552.3,87.6,31.8,30.0,205
2026-07-28,16:30,553.8,69.7,32.0,30.0,224
2026-07-28,17:00,564.8,45.0,32.2,30.0,210
2026-07-28,17:30,549.9,26.3,31.6,30.0,205
2026-07-28,18:00,224.4,0.3,31.6,58.0,18
2026-07-28,18:30,225.3,0.0,30.2,58.0,17
2026-07-28,19:00,202.9,0.2,30.4,58.0,7
2026-07-28,19:30,216.8,2.2,29.9,58.0,6
2026-07-28,20:00,205.8,3.4,29.3,58.0,0
2026-07-28,20:30,200.9,0.0,29.0,58.0,3
2026-07-28,21:00,194.2,0.0,27.7,58.0,9
2026-07-28,21:30,188.7,0.0,27.1,58.0,13
2026-07-28,22:00,180.8,0.0,26.9,58.0,17
2026-07-28,22:30,178.5,0.1,25.7,58.0,16
2026-07-28,23:00,173.2,0.0,25.2,30.0,0
2026-07-28,23:30,182.3,0.3,25.0,30.0,14
2026-07-29,00:00,182.8,0.0,25.1,15.0,11
2026-07-29,00:30,176.4,0.0,24.7,15.0,0
2026-07-29,01:00,178.6,2.7,23.9,15.0,0
2026-07-29,01:30,183.0,1.3,24.1,15.0,3
2026-07-29,02:00,191.1,0.0,24.2,15.0,8
2026-07-29,02:30,173.0,0.3,23.4,15.0,3
2026-07-29,03:00,185.1,4.6,24.4,15.0,4
2026-07-29,03:30,174.2,0.0,24.6,15.0,14
2026-07-29,04:00,192.5,0.0,24.3,15.0,19
2026-07-29,04:30,192.0,0.0,24.0,15.0,0
2026-07-29,05:00,185.9,3.0,24.8,15.0,14
2026-07-29,05:30,179.4,1.6,25.4,15.0,17
2026-07-29,06:00,166.7,2.3,25.8,30.0,8
2026-07-29,06:30,182.3,22.8,25.8,30.0,15
2026-07-29,07:00,194.3,53.2,26.8,30.0,11
2026-07-29,07:30,184.3,77.2,27.1,30.0,18
2026-07-29,08:00,521.7,97.8,27.7,30.0,234
2026-07-29,08:30,510.4,124.4,28.5,30.0,232
2026-07-29,09:00,518.2,142.1,29.4,30.0,227
2026-07-29,09:30,531.6,161.8,29.2,30.0,205
2026-07-29,10:00,537.2,170.5,30.1,30.0,222
2026-07-29,10:30,526.6,185.1,29.9,30.0,221
2026-07-29,11:00,545.2,192.0,30.9,30.0,213
2026-07-29,11:30,541.2,199.6,31.1,30.0,214
2026-07-29,12:00,544.9,202.2,31.2,30.0,93
2026-07-29,12:30,527.7,199.9,31.7,30.0,89
2026-07-29,13:00,554.5,190.1,32.0,30.0,216
2026-07-29,13:30,552.0,183.8,31.9,30.0,235
2026-07-29,14:00,560.8,171.7,32.3,30.0,219
2026-07-29,14:30,579.9,161.4,32.4,30.0,235
2026-07-29,15:00,563.6,142.7,32.7,30.0,211
2026-07-29,15:30,576.0,122.2,32.9,30.0,232
2026-07-29,16:00,554.4,101.3,31.7,30.0,208
2026-07-29,16:30,570.6,79.0,32.4,30.0,221
2026-07-29,17:00,549.7,48.5,31.2,30.0,206
2026-07-29,17:30,533.2,29.0,31.3,30.0,220
2026-07-29,18:00,227.9,3.3,30.7,58.0,10
2026-07-29,18:30,217.2,3.4,30.5,58.0,0
2026-07-29,19:00,209.8,2.9,29.6,58.0,4
2026-07-29,19:30,224.9,1.8,29.9,58.0,14
2026-07-29,20:00,215.2,0.4,28.6,58.0,15
2026-07-29,20:30,197.6,0.0,28.6,58.0,0
2026-07-29,21:00,199.5,0.0,28.3,58.0,24
2026-07-29,21:30,210.1,0.0,27.7,58.0,15
2026-07-29,22:00,190.5,3.3,26.7,58.0,6
2026-07-29,22:30,180.6,2.9,25.6,58.0,0
2026-07-29,23:00,187.4,0.0,25.2,30.0,23
2026-07-29,23:30,196.2,0.0,25.2,30.0,21
2026-07-30,00:00,182.2,0.9,25.2,15.0,0
2026-07-30,00:30,184.1,3.8,24.4,15.0,24
2026-07-30,01:00,178.5,1.0,24.1,15.0,5
2026-07-30,01:30,180.9,0.0,24.3,15.0,23
2026-07-30,02:00,172.5,2.3,24.2,15.0,13
2026-07-30,02:30,177.5,0.0,23.4,15.0,2
2026-07-30,03:00,180.9,2.7,24.6,15.0,0
2026-07-30,03:30,172.7,0.5,24.3,15.0,0
2026-07-30,04:00,171.1,0.0,24.4,15.0,8
2026-07-30,04:30,170.9,3.6,24.4,15.0,18
2026-07-30,05:00,179.3,3.1,24.7,15.0,13
2026-07-30,05:30,180.3,1.4,25.4,15.0,25
2026-07-30,06:00,166.2,4.4,25.5,30.0,23
2026-07-30,06:30,185.3,25.3,25.9,30.0,12
2026-07-30,07:00,183.2,57.2,26.7,30.0,0
2026-07-30,07:30,187.0,82.5,27.3,30.0,23
2026-07-30,08:00,513.4,110.0,27.7,30.0,230
2026-07-30,08:30,508.8,131.4,28.5,30.0,219
2026-07-30,09:00,530.3,151.7,29.4,30.0,210
2026-07-30,09:30,522.4,168.9,28.9,30.0,206
2026-07-30,10:00,526.0,184.6,29.4,30.0,230
2026-07-30,10:30,544.6,198.2,30.6,30.0,216
2026-07-30,11:00,531.7,209.4,30.7,30.0,212
2026-07-30,11:30,554.4,211.7,31.6,30.0,222
2026-07-30,12:00,550.7,212.2,31.2,30.0,83
2026-07-30,12:30,553.3,214.8,32.2,30.0,83
2026-07-30,13:00,558.5,206.9,32.7,30.0,216
2026-07-30,13:30,566.7,197.6,32.7,30.0,205
2026-07-30,14:00,552.6,188.0,32.5,30.0,212
2026-07-30,14:30,559.7,171.6,33.0,30.0,205
2026-07-30,15:00,557.5,155.4,32.1,30.0,232
2026-07-30,15:30,570.4,130.9,32.8,30.0,226
2026-07-30,16:00,543.8,103.8,31.7,30.0,223
2026-07-30,16:30,539.4,78.8,31.7,30.0,226
2026-07-30,17:00,548.3,52.4,31.3,30.0,214
2026-07-30,17:30,555.0,26.2,31.5,30.0,211
2026-07-30,18:00,223.1,0.0,30.5,58.0,23
2026-07-30,18:30,216.9,5.1,30.0,58.0,3
2026-07-30,19:00,210.3,0.0,30.1,58.0,0
2026-07-30,19:30,214.4,4.3,29.5,58.0,12
2026-07-30,20:00,208.7,0.0,29.0,58.0,10
2026-07-30,20:30,194.3,0.0,28.5,58.0,1
2026-07-30,21:00,182.9,0.0,28.2,58.0,12
2026-07-30,21:30,173.0,0.0,27.1,58.0,24
2026-07-30,22:00,188.5,0.0,26.8,58.0,8
2026-07-30,22:30,173.2,3.1,26.3,58.0,25
2026-07-30,23:00,175.9,2.6,25.9,30.0,23
2026-07-30,23:30,185.4,3.4,25.3,30.0,10
2026-07-31,00:00,186.2,0.0,24.8,15.0,0
2026-07-31,00:30,186.6,0.0,24.7,15.0,0
2026-07-31,01:00,184.7,0.8,24.1,15.0,3
2026-07-31,01:30,188.4,3.8,23.4,15.0,0
2026-07-31,02:00,183.8,0.4,24.1,15.0,21
2026-07-31,02:30,185.9,0.0,24.3,15.0,21
2026-07-31,03:00,181.0,0.0,23.6,15.0,20
2026-07-31,03:30,186.8,0.0,23.8,15.0,0
2026-07-31,04:00,185.1,3.6,23.7,15.0,4
2026-07-31,04:30,184.6,3.5,24.2,15.0,2
2026-07-31,05:00,172.6,0.0,25.4,15.0,0
2026-07-31,05:30,177.7,3.1,25.5,15.0,20
2026-07-31,06:00,180.2,6.1,25.7,30.0,21
2026-07-31,06:30,185.0,22.2,26.1,30.0,22
2026-07-31,07:00,180.5,54.8,26.3,30.0,16
2026-07-31,07:30,184.3,83.2,26.9,30.0,1
2026-07-31,08:00,514.4,107.2,27.7,30.0,213
2026-07-31,08:30,504.0,130.4,27.6,30.0,216
2026-07-31,09:00,525.0,151.5,29.0,30.0,224
2026-07-31,09:30,516.6,169.5,28.8,30.0,214
2026-07-31,10:00,533.7,184.3,29.7,30.0,212
2026-07-31,10:30,543.2,197.2,30.0,30.0,233
2026-07-31,11:00,535.8,211.2,30.3,30.0,210
2026-07-31,11:30,560.0,207.9,31.7,30.0,208
2026-07-31,12:00,551.5,211.3,32.1,30.0,76
2026-07-31,12:30,542.4,208.3,31.7,30.0,78
2026-07-31,13:00,571.7,199.5,31.8,30.0,219
2026-07-31,13:30,565.1,196.2,32.5,30.0,233
2026-07-31,14:00,550.2,185.7,32.1,30.0,211
2026-07-31,14:30,573.2,171.2,32.8,30.0,216
2026-07-31,15:00,554.6,147.0,33.0,30.0,209
2026-07-31,15:30,550.4,132.7,32.4,30.0,226
2026-07-31,16:00,560.5,111.3,32.7,30.0,221
2026-07-31,16:30,544.1,80.8,31.4,30.0,214
2026-07-31,17:00,542.4,59.7,31.3,30.0,226
2026-07-31,17:30,556.7,28.7,31.8,30.0,217
2026-07-31,18:00,242.6,4.1,31.4,58.0,16
2026-07-31,18:30,234.1,0.0,30.0,58.0,23
2026-07-31,19:00,205.6,0.0,30.0,58.0,20
2026-07-31,19:30,198.1,3.3,28.9,58.0,0
2026-07-31,20:00,191.5,0.0,28.9,58.0,0
2026-07-31,20:30,204.2,0.0,28.3,58.0,16
2026-07-31,21:00,191.3,0.0,27.1,58.0,20
2026-07-31,21:30,179.6,0.2,27.4,58.0,0
2026-07-31,22:00,182.8,2.6,26.0,58.0,11
2026-07-31,22:30,175.8,2.5,25.7,58.0,13
2026-07-31,23:00,184.2,7.4,25.5,30.0,12
2026-07-31,23:30,173.4,1.5,25.7,30.0,16
2026-08-01,00:00,195.3,0.0,25.1,15.0,0
2026-08-01,00:30,176.6,2.9,24.2,15.0,0
2026-08-01,01:00,176.1,0.0,23.6,15.0,0
2026-08-01,01:30,175.2,0.0,23.7,15.0,1
2026-08-01,02:00,191.4,4.1,24.1,15.0,0
2026-08-01,02:30,187.8,0.0,23.7,15.0,13
2026-08-01,03:00,176.8,4.9,24.4,15.0,8
2026-08-01,03:30,186.1,0.0,23.5,15.0,0
2026-08-01,04:00,178.7,2.4,24.6,15.0,11
2026-08-01,04:30,187.1,0.8,24.1,15.0,1
2026-08-01,05:00,176.3,0.0,24.6,15.0,19
2026-08-01,05:30,188.9,0.0,25.6,15.0,0
2026-08-01,06:00,178.8,0.5,25.3,30.0,0
2026-08-01,06:30,191.9,19.9,26.6,30.0,0
2026-08-01,07:00,189.6,47.5,26.5,30.0,11
2026-08-01,07:30,179.1,73.4,27.5,30.0,7
2026-08-01,08:00,180.9,91.5,28.0,30.0,10
2026-08-01,08:30,187.0,112.2,28.0,30.0,11
2026-08-01,09:00,203.5,121.6,28.7,30.0,5
2026-08-01,09:30,211.8,144.9,29.1,30.0,17
2026-08-01,10:00,228.0,156.5,30.2,30.0,15
2026-08-01,10:30,238.5,167.7,30.3,30.0,5
2026-08-01,11:00,225.8,181.2,30.5,30.0,9
2026-08-01,11:30,232.6,178.7,31.1,30.0,30
2026-08-01,12:00,247.4,182.4,32.0,30.0,14
2026-08-01,12:30,234.5,176.5,32.1,30.0,23
2026-08-01,13:00,241.5,167.6,32.4,30.0,9
2026-08-01,13:30,239.9,167.0,31.9,30.0,15
2026-08-01,14:00,240.9,158.4,32.3,30.0,20
2026-08-01,14:30,247.3,143.6,31.9,30.0,29
2026-08-01,15:00,247.9,129.7,33.0,30.0,20
2026-08-01,15:30,248.6,115.9,32.1,30.0,27
2026-08-01,16:00,238.2,88.6,32.3,30.0,28
2026-08-01,16:30,228.3,66.1,31.3,30.0,29
2026-08-01,17:00,239.0,47.9,31.1,30.0,0
2026-08-01,17:30,219.0,21.1,30.6,30.0,0
2026-08-01,18:00,214.4,1.3,30.5,58.0,0
2026-08-01,18:30,214.5,2.3,29.8,58.0,0
2026-08-01,19:00,207.5,3.0,30.0,58.0,3
2026-08-01,19:30,221.9,1.6,29.9,58.0,11
2026-08-01,20:00,186.1,0.0,28.9,58.0,9
2026-08-01,20:30,198.5,3.1,28.6,58.0,0
2026-08-01,21:00,180.7,3.5,27.5,58.0,5
2026-08-01,21:30,187.3,2.8,26.8,58.0,0
2026-08-01,22:00,178.8,0.0,26.1,58.0,11
2026-08-01,22:30,180.6,0.0,26.4,58.0,16
2026-08-01,23:00,181.4,0.0,25.1,30.0,15
2026-08-01,23:30,181.2,3.5,25.6,30.0,0
2026-08-02,00:00,183.3,0.0,24.6,15.0,15
2026-08-02,00:30,167.3,0.0,24.8,15.0,14
2026-08-02,01:00,193.0,0.0,24.4,15.0,9
2026-08-02,01:30,177.1,0.0,24.1,15.0,18
2026-08-02,02:00,170.2,0.0,23.6,15.0,9
2026-08-02,02:30,177.2,0.0,23.6,15.0,17
2026-08-02,03:00,176.0,4.1,23.4,15.0,0
2026-08-02,03:30,175.7,0.0,24.3,15.0,0
2026-08-02,04:00,186.6,0.0,23.7,15.0,0
2026-08-02,04:30,180.3,0.3,24.0,15.0,0
2026-08-02,05:00,171.0,3.4,24.1,15.0,0
2026-08-02,05:30,185.5,2.2,24.6,15.0,10
2026-08-02,06:00,169.0,0.0,25.0,30.0,0
2026-08-02,06:30,188.6,25.1,25.7,30.0,4
2026-08-02,07:00,180.9,43.7,26.2,30.0,0
2026-08-02,07:30,188.5,65.9,26.7,30.0,0
2026-08-02,08:00,191.9,90.0,27.9,30.0,12
2026-08-02,08:30,191.8,115.6,28.0,30.0,0
2026-08-02,09:00,202.4,124.8,28.5,30.0,1
2026-08-02,09:30,217.0,146.7,29.5,30.0,17
2026-08-02,10:00,204.4,159.2,29.7,30.0,25
2026-08-02,10:30,207.3,173.1,29.7,30.0,7
2026-08-02,11:00,222.0,178.9,31.1,30.0,4
2026-08-02,11:30,229.6,178.4,31.4,30.0,19
2026-08-02,12:00,232.1,180.0,32.1,30.0,9
2026-08-02,12:30,242.7,185.5,31.8,30.0,16
2026-08-02,13:00,238.9,177.0,32.5,30.0,11
2026-08-02,13:30,240.3,168.7,32.3,30.0,28
2026-08-02,14:00,247.7,154.3,32.6,30.0,19
2026-08-02,14:30,229.8,142.4,32.4,30.0,15
2026-08-02,15:00,240.9,124.9,32.5,30.0,24
2026-08-02,15:30,252.4,110.5,32.3,30.0,17
2026-08-02,16:00,242.2,87.0,32.7,30.0,30
2026-08-02,16:30,244.0,66.9,32.1,30.0,6
2026-08-02,17:00,242.5,49.6,31.9,30.0,4
2026-08-02,17:30,239.5,20.8,31.3,30.0,15
2026-08-02,18:00,243.9,0.0,30.9,58.0,0
2026-08-02,18:30,229.6,4.5,30.7,58.0,0
2026-08-02,19:00,214.0,7.6,29.2,58.0,1
2026-08-02,19:30,208.2,1.7,29.1,58.0,0
2026-08-02,20:00,207.0,0.0,28.2,58.0,8
2026-08-02,20:30,187.6,0.0,27.7,58.0,0
2026-08-02,21:00,187.4,0.0,28.1,58.0,11
2026-08-02,21:30,171.2,2.6,27.2,58.0,6
2026-08-02,22:00,191.2,0.0,26.4,58.0,20
2026-08-02,22:30,188.6,2.0,26.4,58.0,5
2026-08-02,23:00,172.8,3.5,25.1,30.0,12
2026-08-02,23:30,180.7,1.8,25.5,30.0,14
2026-08-03,00:00,184.3,0.0,24.4,15.0,0
2026-08-03,00:30,188.4,7.2,23.8,15.0,11
2026-08-03,01:00,185.2,1.6,23.5,15.0,0
2026-08-03,01:30,193.0,0.0,24.5,15.0,20
2026-08-03,02:00,184.0,3.0,24.0,15.0,20
2026-08-03,02:30,182.2,0.0,23.8,15.0,11
2026-08-03,03:00,189.4,4.8,24.0,15.0,18
2026-08-03,03:30,180.4,5.3,24.1,15.0,2
2026-08-03,04:00,193.5,2.0,24.3,15.0,3
2026-08-03,04:30,181.4,1.6,24.4,15.0,14
2026-08-03,05:00,181.8,0.5,24.5,15.0,10
2026-08-03,05:30,188.0,0.0,24.4,15.0,3
2026-08-03,06:00,195.7,0.9,25.3,30.0,0
2026-08-03,06:30,189.7,21.9,26.5,30.0,20
2026-08-03,07:00,185.1,56.2,27.0,30.0,17
2026-08-03,07:30,188.8,78.7,27.4,30.0,0
2026-08-03,08:00,501.4,101.5,27.0,30.0,229
2026-08-03,08:30,510.1,124.4,27.6,30.0,222
2026-08-03,09:00,520.0,141.8,28.9,30.0,227
2026-08-03,09:30,512.6,161.3,28.9,30.0,220
2026-08-03,10:00,535.7,175.0,29.9,30.0,226
2026-08-03,10:30,537.6,189.7,30.6,30.0,232
2026-08-03,11:00,544.3,199.1,30.6,30.0,207
2026-08-03,11:30,541.9,203.7,31.4,30.0,217
2026-08-03,12:00,532.7,200.8,31.6,30.0,77
2026-08-03,12:30,552.3,203.1,32.3,30.0,77
2026-08-03,13:00,535.4,198.3,31.5,30.0,223
2026-08-03,13:30,567.8,185.1,32.7,30.0,226
2026-08-03,14:00,559.8,174.1,32.6,30.0,210
2026-08-03,14:30,554.5,156.6,31.8,30.0,224
2026-08-03,15:00,555.7,142.4,32.4,30.0,215
2026-08-03,15:30,542.3,125.6,31.8,30.0,224
2026-08-03,16:00,549.5,101.8,32.2,30.0,229
2026-08-03,16:30,559.3,80.9,32.0,30.0,207
2026-08-03,17:00,564.5,52.4,32.1,30.0,232
2026-08-03,17:30,553.1,24.5,31.3,30.0,209
2026-08-03,18:00,227.2,4.4,30.8,58.0,15
2026-08-03,18:30,219.4,0.6,29.9,58.0,25
2026-08-03,19:00,195.1,4.7,29.1,58.0,24
2026-08-03,19:30,208.5,0.0,28.8,58.0,8
2026-08-03,20:00,205.2,4.2,29.0,58.0,0
2026-08-03,20:30,204.5,0.0,28.6,58.0,7
2026-08-03,21:00,163.8,6.5,27.0,58.0,23
2026-08-03,21:30,177.4,2.5,27.2,58.0,0
2026-08-03,22:00,186.0,0.0,26.6,58.0,8
2026-08-03,22:30,185.3,0.0,26.5,58.0,21
2026-08-03,23:00,180.6,0.4,25.9,30.0,24
2026-08-03,23:30,186.0,0.2,25.4,30.0,11
2026-08-04,00:00,169.5,0.0,24.8,15.0,21
2026-08-04,00:30,179.3,2.3,23.8,15.0,7
2026-08-04,01:00,183.3,2.5,24.6,15.0,21
2026-08-04,01:30,154.7,0.7,24.2,15.0,1
2026-08-04,02:00,184.4,1.8,24.3,15.0,14
2026-08-04,02:30,172.0,2.8,24.2,15.0,3
2026-08-04,03:00,180.3,0.0,23.9,15.0,11
2026-08-04,03:30,184.5,4.0,24.4,15.0,12
2026-08-04,04:00,185.5,0.0,24.1,15.0,5
2026-08-04,04:30,164.1,4.1,24.3,15.0,0
2026-08-04,05:00,189.0,0.8,25.0,15.0,13
2026-08-04,05:30,174.7,0.0,25.5,15.0,19
2026-08-04,06:00,193.4,0.0,25.3,30.0,10
2026-08-04,06:30,192.3,27.6,25.7,30.0,17
2026-08-04,07:00,177.6,59.5,26.4,30.0,18
2026-08-04,07:30,191.9,80.9,26.8,30.0,4
2026-08-04,08:00,525.3,103.6,27.9,30.0,225
2026-08-04,08:30,499.6,123.5,27.7,30.0,215
2026-08-04,09:00,506.9,151.4,28.7,30.0,229
2026-08-04,09:30,516.8,166.0,28.6,30.0,213
2026-08-04,10:00,521.0,183.0,29.4,30.0,213
2026-08-04,10:30,544.2,200.0,30.0,30.0,221
2026-08-04,11:00,532.9,203.5,30.4,30.0,218
2026-08-04,11:30,524.6,205.8,30.5,30.0,205
2026-08-04,12:00,545.3,211.1,31.1,30.0,104
2026-08-04,12:30,548.3,212.0,32.3,30.0,78
2026-08-04,13:00,557.2,207.7,31.7,30.0,225
2026-08-04,13:30,566.5,202.3,32.5,30.0,211
2026-08-04,14:00,576.1,180.1,32.5,30.0,209
2026-08-04,14:30,565.3,170.1,31.9,30.0,221
2026-08-04,15:00,573.3,148.3,32.5,30.0,219
2026-08-04,15:30,559.8,125.1,32.5,30.0,226
2026-08-04,16:00,571.4,101.7,31.8,30.0,224
2026-08-04,16:30,550.2,84.4,32.2,30.0,230
2026-08-04,17:00,556.8,51.1,32.0,30.0,227
2026-08-04,17:30,531.5,26.2,30.6,30.0,220
2026-08-04,18:00,217.5,0.0,30.2,58.0,8
2026-08-04,18:30,216.9,0.0,30.0,58.0,0
2026-08-04,19:00,217.4,2.9,30.3,58.0,16
2026-08-04,19:30,189.9,3.0,29.0,58.0,2
2026-08-04,20:00,208.5,0.0,28.8,58.0,1
2026-08-04,20:30,193.3,0.0,27.7,58.0,25
2026-08-04,21:00,174.0,0.0,27.3,58.0,9
2026-08-04,21:30,183.6,2.0,26.7,58.0,8
2026-08-04,22:00,177.0,1.5,26.5,58.0,12
2026-08-04,22:30,191.5,1.5,25.6,58.0,0
2026-08-04,23:00,179.8,0.2,25.7,30.0,13
2026-08-04,23:30,173.0,1.5,24.6,30.0,3
2026-08-05,00:00,185.1,0.0,25.0,15.0,25
2026-08-05,00:30,195.8,1.3,23.7,15.0,11
2026-08-05,01:00,191.3,0.0,24.4,15.0,3
2026-08-05,01:30,172.7,1.2,23.7,15.0,24
2026-08-05,02:00,186.3,9.6,24.1,15.0,24
2026-08-05,02:30,167.1,4.0,23.7,15.0,11
2026-08-05,03:00,174.5,0.0,24.3,15.0,4
2026-08-05,03:30,193.2,4.6,24.3,15.0,0
2026-08-05,04:00,185.2,0.0,24.4,15.0,14
2026-08-05,04:30,180.7,1.2,24.8,15.0,10
2026-08-05,05:00,175.8,1.9,24.9,15.0,0
2026-08-05,05:30,181.9,0.0,25.0,15.0,22
2026-08-05,06:00,183.1,1.6,25.4,30.0,0
2026-08-05,06:30,182.4,9.6,25.3,30.0,0
2026-08-05,07:00,184.7,25.7,26.0,30.0,12
2026-08-05,07:30,180.8,41.5,26.7,30.0,0
2026-08-05,08:00,502.3,52.6,27.5,30.0,219
2026-08-05,08:30,520.8,63.2,27.6,30.0,216
2026-08-05,09:00,520.2,73.1,28.3,30.0,229
2026-08-05,09:30,532.0,83.0,29.6,30.0,235
2026-08-05,10:00,525.5,94.4,29.7,30.0,233
2026-08-05,10:30,535.4,101.3,29.7,30.0,206
2026-08-05,11:00,537.2,110.4,30.4,30.0,229
2026-08-05,11:30,556.9,109.3,31.2,30.0,214
2026-08-05,12:00,539.2,108.2,32.0,30.0,104
2026-08-05,12:30,534.6,107.4,31.4,30.0,77
2026-08-05,13:00,552.3,107.0,32.1,30.0,219
2026-08-05,13:30,575.8,102.9,32.7,30.0,224
2026-08-05,14:00,576.1,97.0,32.5,30.0,226
2026-08-05,14:30,576.4,84.9,32.6,30.0,220
2026-08-05,15:00,545.7,75.7,32.2,30.0,217
2026-08-05,15:30,566.7,63.9,32.3,30.0,213
2026-08-05,16:00,563.1,54.6,32.5,30.0,233
2026-08-05,16:30,558.0,39.0,32.2,30.0,210
2026-08-05,17:00,551.7,30.1,31.7,30.0,233
2026-08-05,17:30,550.7,12.7,31.6,30.0,226
2026-08-05,18:00,216.8,0.0,30.9,58.0,4
2026-08-05,18:30,214.4,2.6,29.7,58.0,5
2026-08-05,19:00,207.7,0.6,29.2,58.0,17
2026-08-05,19:30,217.4,1.1,29.2,58.0,7
2026-08-05,20:00,197.6,1.0,29.1,58.0,15
2026-08-05,20:30,188.4,0.0,27.5,58.0,13
2026-08-05,21:00,174.4,0.0,26.9,58.0,6
2026-08-05,21:30,180.1,5.0,26.4,58.0,1
2026-08-05,22:00,171.1,0.0,26.9,58.0,18
2026-08-05,22:30,181.1,4.7,25.5,58.0,15
2026-08-05,23:00,178.2,0.0,25.7,30.0,10
2026-08-05,23:30,187.1,3.7,25.2,30.0,10
2026-08-06,00:00,185.8,0.0,24.4,15.0,11
2026-08-06,00:30,177.7,0.5,24.6,15.0,1
2026-08-06,01:00,181.6,0.0,23.8,15.0,14
2026-08-06,01:30,175.0,6.3,24.2,15.0,18
2026-08-06,02:00,165.6,0.0,23.9,15.0,22
2026-08-06,02:30,181.9,1.9,24.3,15.0,10
2026-08-06,03:00,174.0,0.0,24.2,15.0,25
2026-08-06,03:30,182.1,3.6,23.8,15.0,6
2026-08-06,04:00,177.6,2.0,24.2,15.0,6
2026-08-06,04:30,196.3,6.5,24.8,15.0,9
2026-08-06,05:00,173.9,0.0,24.8,15.0,24
2026-08-06,05:30,175.0,0.0,24.5,15.0,4
2026-08-06,06:00,158.9,0.1,25.4,30.0,2
2026-08-06,06:30,187.0,25.3,25.8,30.0,3
2026-08-06,07:00,185.4,51.6,26.9,30.0,12
2026-08-06,07:30,183.5,73.5,26.7,30.0,21
2026-08-06,08:00,512.3,98.9,28.0,30.0,209
2026-08-06,08:30,511.7,117.5,28.0,30.0,208
2026-08-06,09:00,515.9,135.7,28.8,30.0,232
2026-08-06,09:30,521.3,161.5,28.9,30.0,225
2026-08-06,10:00,521.6,172.6,29.8,30.0,217
2026-08-06,10:30,542.5,181.1,30.5,30.0,211
2026-08-06,11:00,531.9,190.2,30.1,30.0,205
2026-08-06,11:30,547.8,201.8,31.6,30.0,224
2026-08-06,12:00,552.6,199.3,31.2,30.0,90
2026-08-06,12:30,557.1,200.2,32.3,30.0,81
2026-08-06,13:00,562.9,191.7,32.2,30.0,230
2026-08-06,13:30,555.8,183.9,32.6,30.0,226
2026-08-06,14:00,549.7,171.0,31.8,30.0,217
2026-08-06,14:30,572.9,159.7,32.7,30.0,228
2026-08-06,15:00,560.7,137.1,32.6,30.0,230
2026-08-06,15:30,554.7,125.1,32.2,30.0,233
2026-08-06,16:00,560.7,99.0,31.8,30.0,230
2026-08-06,16:30,555.5,77.8,31.3,30.0,235
2026-08-06,17:00,556.9,50.9,31.7,30.0,224
2026-08-06,17:30,550.7,26.4,31.3,30.0,213
2026-08-06,18:00,225.5,0.0,30.6,58.0,22
2026-08-06,18:30,222.0,0.0,30.5,58.0,0
2026-08-06,19:00,227.8,4.0,29.8,58.0,24
2026-08-06,19:30,180.2,0.0,28.6,58.0,3
2026-08-06,20:00,191.2,0.0,28.8,58.0,19
2026-08-06,20:30,190.0,10.6,27.6,58.0,7
2026-08-06,21:00,176.9,0.2,26.9,58.0,0
2026-08-06,21:30,182.1,0.0,26.7,58.0,15
2026-08-06,22:00,169.5,0.3,26.9,58.0,20
2026-08-06,22:30,190.2,0.0,25.3,58.0,2
2026-08-06,23:00,193.1,1.6,25.7,30.0,7
2026-08-06,23:30,184.0,3.9,25.4,30.0,7
2026-08-07,00:00,180.1,0.0,25.0,15.0,15
2026-08-07,00:30,167.4,0.4,24.6,15.0,7
2026-08-07,01:00,172.9,0.0,23.6,15.0,22
2026-08-07,01:30,174.7,0.9,24.2,15.0,22
2026-08-07,02:00,185.5,0.0,23.7,15.0,16
2026-08-07,02:30,182.4,0.0,23.4,15.0,16
2026-08-07,03:00,170.5,0.0,24.0,15.0,21
2026-08-07,03:30,182.8,6.4,24.4,15.0,25
2026-08-07,04:00,185.4,1.5,23.5,15.0,8
2026-08-07,04:30,172.1,0.6,24.8,15.0,0
2026-08-07,05:00,186.2,0.0,24.4,15.0,0
2026-08-07,05:30,183.3,2.7,24.9,15.0,8
2026-08-07,06:00,186.6,0.0,25.4,30.0,10
2026-08-07,06:30,187.1,11.0,25.6,30.0,22
2026-08-07,07:00,184.9,29.1,25.9,30.0,14
2026-08-07,07:30,185.0,41.4,27.2,30.0,2
2026-08-07,08:00,502.6,49.8,27.2,30.0,205
2026-08-07,08:30,503.4,63.2,27.8,30.0,215
2026-08-07,09:00,498.9,75.8,28.6,30.0,210
2026-08-07,09:30,528.6,83.0,29.7,30.0,209
2026-08-07,10:00,528.4,91.8,29.8,30.0,223
2026-08-07,10:30,552.7,96.7,30.4,30.0,232
2026-08-07,11:00,551.0,102.8,30.8,30.0,208
2026-08-07,11:30,551.3,102.6,30.9,30.0,215
2026-08-07,12:00,557.7,106.0,31.8,30.0,95
2026-08-07,12:30,534.8,97.1,31.7,30.0,86
2026-08-07,13:00,560.9,100.9,31.9,30.0,224
2026-08-07,13:30,555.6,97.2,32.0,30.0,209
2026-08-07,14:00,555.0,92.2,31.9,30.0,222
2026-08-07,14:30,553.5,86.1,32.3,30.0,231
2026-08-07,15:00,567.0,72.2,32.2,30.0,235
2026-08-07,15:30,559.9,65.7,32.1,30.0,231
2026-08-07,16:00,565.6,52.8,32.4,30.0,221
2026-08-07,16:30,544.1,37.9,31.5,30.0,212
2026-08-07,17:00,539.4,28.0,30.9,30.0,220
2026-08-07,17:30,541.7,11.2,31.2,30.0,227
2026-08-07,18:00,219.0,0.0,30.6,58.0,17
2026-08-07,18:30,204.8,0.0,30.0,58.0,14
2026-08-07,19:00,221.8,0.0,29.5,58.0,3
2026-08-07,19:30,202.2,0.0,28.7,58.0,0
2026-08-07,20:00,200.1,3.6,28.0,58.0,20
2026-08-07,20:30,190.1,0.0,27.8,58.0,1
2026-08-07,21:00,192.3,0.0,27.7,58.0,18
2026-08-07,21:30,194.8,0.0,26.3,58.0,0
2026-08-07,22:00,187.0,0.0,26.7,58.0,15
2026-08-07,22:30,182.3,0.6,26.0,58.0,12
2026-08-07,23:00,167.4,0.0,25.9,30.0,0
2026-08-07,23:30,163.2,0.0,25.1,30.0,25
2026-08-08,00:00,176.3,0.3,24.7,15.0,8
2026-08-08,00:30,177.8,0.7,24.1,15.0,17
2026-08-08,01:00,180.7,0.0,23.8,15.0,19
2026-08-08,01:30,178.7,0.0,23.7,15.0,0
2026-08-08,02:00,181.1,0.0,24.1,15.0,16
2026-08-08,02:30,175.8,0.0,24.0,15.0,2
2026-08-08,03:00,182.6,0.0,24.0,15.0,1
2026-08-08,03:30,191.2,0.0,24.4,15.0,5
2026-08-08,04:00,186.8,0.0,24.0,15.0,20
2026-08-08,04:30,184.1,0.1,23.9,15.0,15
2026-08-08,05:00,177.6,2.4,24.5,15.0,0
2026-08-08,05:30,189.0,4.2,25.2,15.0,0
2026-08-08,06:00,190.8,0.0,25.1,30.0,14
2026-08-08,06:30,186.5,10.2,25.8,30.0,10
2026-08-08,07:00,184.8,24.6,26.1,30.0,19
2026-08-08,07:30,186.2,43.0,26.7,30.0,11
2026-08-08,08:00,181.0,56.2,27.3,30.0,0
2026-08-08,08:30,204.2,67.5,28.4,30.0,18
2026-08-08,09:00,227.3,79.6,28.0,30.0,304
2026-08-08,09:30,240.1,87.9,29.6,30.0,324
2026-08-08,10:00,249.2,92.8,29.9,30.0,303
2026-08-08,10:30,253.3,104.9,30.2,30.0,302
2026-08-08,11:00,245.2,103.4,30.8,30.0,326
2026-08-08,11:30,253.7,112.3,30.7,30.0,316
2026-08-08,12:00,261.5,114.9,31.8,30.0,312
2026-08-08,12:30,233.9,104.4,31.9,30.0,314
2026-08-08,13:00,262.9,101.9,31.5,30.0,317
2026-08-08,13:30,262.2,100.4,32.1,30.0,324
2026-08-08,14:00,258.4,91.0,31.9,30.0,312
2026-08-08,14:30,285.8,86.5,32.4,30.0,302
2026-08-08,15:00,262.9,78.2,31.8,30.0,303
2026-08-08,15:30,267.6,66.3,31.9,30.0,322
2026-08-08,16:00,236.6,59.0,32.3,30.0,3
2026-08-08,16:30,234.3,44.3,32.3,30.0,10
2026-08-08,17:00,237.6,24.4,31.0,30.0,14
2026-08-08,17:30,231.8,16.8,31.0,30.0,16
2026-08-08,18:00,234.8,0.0,30.5,58.0,6
2026-08-08,18:30,220.9,0.3,30.2,58.0,16
2026-08-08,19:00,212.8,2.1,30.0,58.0,4
2026-08-08,19:30,196.2,0.0,29.1,58.0,12
2026-08-08,20:00,195.0,1.6,28.2,58.0,13
2026-08-08,20:30,190.9,0.2,28.5,58.0,17
2026-08-08,21:00,189.2,1.4,28.0,58.0,5
2026-08-08,21:30,184.1,0.8,26.8,58.0,20
2026-08-08,22:00,172.8,0.0,26.0,58.0,0
2026-08-08,22:30,189.0,0.5,25.7,58.0,0
2026-08-08,23:00,181.2,0.0,25.7,30.0,0
2026-08-08,23:30,172.5,0.0,24.5,30.0,0
2026-08-09,00:00,182.1,0.0,24.2,15.0,3
2026-08-09,00:30,176.0,1.5,24.2,15.0,0
2026-08-09,01:00,179.5,2.3,23.5,15.0,4
2026-08-09,01:30,181.0,0.0,24.4,15.0,19
2026-08-09,02:00,169.6,3.3,23.9,15.0,9
2026-08-09,02:30,186.2,0.0,23.4,15.0,15
2026-08-09,03:00,189.0,0.0,23.3,15.0,7
2026-08-09,03:30,172.4,0.0,23.7,15.0,0
2026-08-09,04:00,190.2,0.0,23.9,15.0,0
2026-08-09,04:30,166.3,0.0,24.4,15.0,19
2026-08-09,05:00,177.9,2.8,24.9,15.0,6
2026-08-09,05:30,179.8,0.0,25.0,15.0,0
2026-08-09,06:00,194.3,1.9,25.8,30.0,0
2026-08-09,06:30,165.9,22.8,25.6,30.0,0
2026-08-09,07:00,192.7,57.6,25.8,30.0,14
2026-08-09,07:30,182.2,74.0,27.0,30.0,10
2026-08-09,08:00,181.1,107.1,27.5,30.0,14
2026-08-09,08:30,208.6,128.9,27.6,30.0,12
2026-08-09,09:00,198.9,147.6,28.7,30.0,1
2026-08-09,09:30,212.7,161.5,29.2,30.0,28
2026-08-09,10:00,219.3,172.2,29.6,30.0,9
2026-08-09,10:30,205.1,189.4,29.8,30.0,23
2026-08-09,11:00,230.4,195.6,30.5,30.0,28
2026-08-09,11:30,223.7,200.6,31.1,30.0,11
2026-08-09,12:00,230.5,207.9,30.8,30.0,10
2026-08-09,12:30,237.6,199.9,31.5,30.0,7
2026-08-09,13:00,259.7,199.6,32.2,30.0,14
2026-08-09,13:30,242.2,192.5,32.6,30.0,4
2026-08-09,14:00,249.6,180.0,32.5,30.0,7
2026-08-09,14:30,249.4,164.4,32.9,30.0,19
2026-08-09,15:00,238.6,149.6,32.1,30.0,15
2026-08-09,15:30,243.7,125.8,32.0,30.0,27
2026-08-09,16:00,223.8,102.8,31.5,30.0,18
2026-08-09,16:30,237.1,77.1,32.2,30.0,16
2026-08-09,17:00,248.6,53.0,31.9,30.0,0
2026-08-09,17:30,222.1,24.1,30.9,30.0,0
2026-08-09,18:00,235.1,0.0,31.1,58.0,4
2026-08-09,18:30,201.2,0.0,29.6,58.0,0
2026-08-09,19:00,210.8,0.0,30.0,58.0,4
2026-08-09,19:30,204.6,1.2,28.8,58.0,1
2026-08-09,20:00,203.2,0.0,28.6,58.0,1
2026-08-09,20:30,194.7,3.5,27.6,58.0,11
2026-08-09,21:00,191.3,1.1,27.8,58.0,0
2026-08-09,21:30,174.2,0.0,26.6,58.0,4
2026-08-09,22:00,187.6,2.1,26.8,58.0,11
2026-08-09,22:30,196.5,0.0,25.5,58.0,14
2026-08-09,23:00,185.8,0.0,25.9,30.0,5
2026-08-09,23:30,194.2,0.0,24.6,30.0,1
2026-08-10,00:00,168.3,0.0,24.2,15.0,21
2026-08-10,00:30,183.1,5.1,23.8,15.0,19
2026-08-10,01:00,176.7,0.0,23.6,15.0,10
2026-08-10,01:30,187.6,0.0,23.4,15.0,20
2026-08-10,02:00,168.1,1.0,23.9,15.0,5
2026-08-10,02:30,165.1,3.7,23.6,15.0,14
2026-08-10,03:00,170.0,0.3,24.0,15.0,10
2026-08-10,03:30,162.6,2.1,24.0,15.0,22
2026-08-10,04:00,180.9,7.7,24.2,15.0,24
2026-08-10,04:30,186.5,0.0,24.8,15.0,21
2026-08-10,05:00,167.5,4.0,24.5,15.0,0
2026-08-10,05:30,171.9,5.8,24.6,15.0,11
2026-08-10,06:00,187.1,0.0,25.6,30.0,11
2026-08-10,06:30,178.4,28.4,25.8,30.0,0
2026-08-10,07:00,181.5,47.8,26.8,30.0,11
2026-08-10,07:30,187.4,83.9,26.8,30.0,13
2026-08-10,08:00,516.2,98.7,27.9,30.0,216
2026-08-10,08:30,504.9,114.3,28.0,30.0,235
2026-08-10,09:00,516.4,138.5,29.0,30.0,215
2026-08-10,09:30,541.1,159.0,29.4,30.0,232
2026-08-10,10:00,515.5,164.5,29.1,30.0,221
2026-08-10,10:30,534.0,184.9,30.3,30.0,207
2026-08-10,11:00,542.0,183.6,30.4,30.0,211
2026-08-10,11:30,550.0,192.2,31.6,30.0,207
2026-08-10,12:00,543.7,193.1,31.8,30.0,93
2026-08-10,12:30,556.9,192.9,31.6,30.0,97
2026-08-10,13:00,563.7,188.3,32.5,30.0,214
2026-08-10,13:30,556.2,180.9,32.1,30.0,216
2026-08-10,14:00,550.3,161.2,31.7,30.0,210
2026-08-10,14:30,536.9,149.8,31.9,30.0,218
2026-08-10,15:00,541.1,140.7,31.9,30.0,228
2026-08-10,15:30,555.5,122.0,32.1,30.0,206
2026-08-10,16:00,555.1,99.0,31.6,30.0,227
2026-08-10,16:30,556.4,76.3,31.6,30.0,207
2026-08-10,17:00,558.4,46.9,31.7,30.0,232
2026-08-10,17:30,551.7,21.5,31.5,30.0,229
2026-08-10,18:00,210.6,0.0,30.3,58.0,25
2026-08-10,18:30,207.3,0.0,30.3,58.0,13
2026-08-10,19:00,230.9,8.5,30.2,58.0,19
2026-08-10,19:30,210.1,0.0,28.8,58.0,1
2026-08-10,20:00,196.0,0.0,28.3,58.0,19
2026-08-10,20:30,195.3,0.0,27.7,58.0,5
2026-08-10,21:00,184.4,0.0,26.9,58.0,6
2026-08-10,21:30,184.0,0.0,26.7,58.0,2
2026-08-10,22:00,191.3,0.0,25.9,58.0,4
2026-08-10,22:30,191.0,0.0,25.3,58.0,2
2026-08-10,23:00,184.0,0.0,25.1,30.0,0
2026-08-10,23:30,181.1,0.0,25.1,30.0,14
2026-08-11,00:00,179.2,2.2,25.2,15.0,6
2026-08-11,00:30,168.7,0.0,24.2,15.0,12
2026-08-11,01:00,182.2,3.7,24.6,15.0,22
2026-08-11,01:30,180.0,1.3,23.3,15.0,1
2026-08-11,02:00,182.5,0.0,23.6,15.0,0
2026-08-11,02:30,192.9,0.7,24.1,15.0,21
2026-08-11,03:00,177.3,0.0,23.7,15.0,20
2026-08-11,03:30,164.9,0.0,24.1,15.0,0
2026-08-11,04:00,178.0,0.0,24.4,15.0,22
2026-08-11,04:30,182.3,0.0,24.0,15.0,20
2026-08-11,05:00,187.2,0.0,24.8,15.0,17
2026-08-11,05:30,173.7,3.6,24.4,15.0,0
2026-08-11,06:00,182.3,0.0,26.0,30.0,22
2026-08-11,06:30,165.9,24.6,25.3,30.0,0
2026-08-11,07:00,182.3,50.7,26.6,30.0,24
2026-08-11,07:30,187.8,73.2,27.2,30.0,21
2026-08-11,08:00,514.6,100.7,28.0,30.0,226
2026-08-11,08:30,522.8,120.0,28.3,30.0,217
2026-08-11,09:00,519.2,132.7,29.0,30.0,216
2026-08-11,09:30,521.4,154.2,29.3,30.0,225
2026-08-11,10:00,546.9,168.8,30.2,30.0,219
2026-08-11,10:30,523.8,169.3,30.1,30.0,211
2026-08-11,11:00,543.3,195.6,30.9,30.0,216
2026-08-11,11:30,543.4,198.3,31.1,30.0,213
2026-08-11,12:00,529.8,191.1,31.9,30.0,82
2026-08-11,12:30,535.3,193.9,31.2,30.0,101
2026-08-11,13:00,558.2,186.7,32.0,30.0,209
2026-08-11,13:30,548.0,180.9,31.6,30.0,227
2026-08-11,14:00,553.4,168.0,32.6,30.0,227
2026-08-11,14:30,549.7,149.9,32.2,30.0,208
2026-08-11,15:00,563.4,139.3,32.0,30.0,230
2026-08-11,15:30,563.1,114.3,32.4,30.0,208
2026-08-11,16:00,565.4,98.4,31.9,30.0,224
2026-08-11,16:30,551.5,76.9,31.7,30.0,215
2026-08-11,17:00,535.5,49.3,31.7,30.0,206
2026-08-11,17:30,561.0,26.5,31.3,30.0,223
2026-08-11,18:00,228.3,0.0,30.7,58.0,22
2026-08-11,18:30,232.2,3.4,30.5,58.0,1
2026-08-11,19:00,210.7,0.0,30.0,58.0,7
2026-08-11,19:30,211.1,0.9,29.4,58.0,15
2026-08-11,20:00,205.0,0.0,28.4,58.0,0
2026-08-11,20:30,206.8,0.0,27.6,58.0,0
2026-08-11,21:00,177.1,0.0,27.1,58.0,15
2026-08-11,21:30,181.4,0.0,27.2,58.0,19
2026-08-11,22:00,170.9,0.0,26.6,58.0,23
2026-08-11,22:30,170.7,4.0,25.6,58.0,0
2026-08-11,23:00,185.8,0.0,25.0,30.0,14
2026-08-11,23:30,182.1,0.8,25.2,30.0,14
2026-08-12,00:00,168.7,0.0,24.4,15.0,0
2026-08-12,00:30,171.1,1.8,23.9,15.0,7
2026-08-12,01:00,163.8,0.0,24.0,15.0,9
2026-08-12,01:30,180.5,2.2,23.7,15.0,23
2026-08-12,02:00,182.8,0.0,23.6,15.0,22
2026-08-12,02:30,184.9,3.9,24.2,15.0,17
2026-08-12,03:00,187.7,0.1,23.6,15.0,1
2026-08-12,03:30,179.1,0.0,24.5,15.0,8
2026-08-12,04:00,174.2,4.1,24.3,15.0,12
2026-08-12,04:30,186.8,1.9,24.7,15.0,4
2026-08-12,05:00,187.4,0.0,24.9,15.0,25
2026-08-12,05:30,178.7,1.4,25.6,15.0,19
2026-08-12,06:00,177.2,0.0,25.2,30.0,13
2026-08-12,06:30,192.6,31.1,25.4,30.0,25
2026-08-12,07:00,181.2,54.8,26.1,30.0,9
2026-08-12,07:30,176.8,74.0,26.7,30.0,11
2026-08-12,08:00,496.8,96.2,26.9,30.0,205
2026-08-12,08:30,505.2,116.9,28.5,30.0,222
2026-08-12,09:00,527.0,137.8,28.2,30.0,225
2026-08-12,09:30,530.5,152.8,29.7,30.0,230
2026-08-12,10:00,523.0,169.1,29.5,30.0,212
2026-08-12,10:30,536.5,176.1,30.6,30.0,206
2026-08-12,11:00,539.8,185.3,30.2,30.0,211
2026-08-12,11:30,535.6,189.5,30.6,30.0,228
2026-08-12,12:00,543.7,188.9,31.4,30.0,101
2026-08-12,12:30,534.0,191.9,31.5,30.0,97
2026-08-12,13:00,563.5,187.0,32.4,30.0,225
2026-08-12,13:30,560.2,179.4,31.7,30.0,210
2026-08-12,14:00,572.8,167.9,32.0,30.0,225
2026-08-12,14:30,552.4,154.9,32.8,30.0,225
2026-08-12,15:00,555.4,137.3,32.9,30.0,232
2026-08-12,15:30,568.1,115.2,32.8,30.0,235
2026-08-12,16:00,551.4,98.5,32.1,30.0,205
2026-08-12,16:30,547.6,74.3,31.5,30.0,206
2026-08-12,17:00,567.3,50.9,32.0,30.0,229
2026-08-12,17:30,548.0,25.2,31.4,30.0,210
2026-08-12,18:00,238.0,0.0,30.8,58.0,24
2026-08-12,18:30,213.5,4.1,30.0,58.0,22
2026-08-12,19:00,212.7,3.0,29.4,58.0,20
2026-08-12,19:30,223.1,1.3,29.8,58.0,22
2026-08-12,20:00,208.5,0.0,28.7,58.0,24
2026-08-12,20:30,193.0,0.0,27.9,58.0,1
2026-08-12,21:00,187.0,0.0,27.3,58.0,20
2026-08-12,21:30,173.3,3.2,26.7,58.0,0
2026-08-12,22:00,192.5,0.0,27.0,58.0,25
2026-08-12,22:30,174.8,0.2,25.8,58.0,12
2026-08-12,23:00,189.9,0.0,25.3,30.0,0
2026-08-12,23:30,180.0,0.0,25.5,30.0,22
2026-08-13,00:00,186.9,1.5,24.8,15.0,5
2026-08-13,00:30,179.8,0.0,24.4,15.0,21
2026-08-13,01:00,154.4,1.2,24.0,15.0,24
2026-08-13,01:30,183.4,0.0,23.8,15.0,0
2026-08-13,02:00,168.0,2.4,24.2,15.0,0
2026-08-13,02:30,180.9,0.0,23.3,15.0,16
2026-08-13,03:00,184.1,0.0,24.1,15.0,2
2026-08-13,03:30,184.4,0.0,23.6,15.0,0
2026-08-13,04:00,162.1,0.0,23.7,15.0,13
2026-08-13,04:30,176.2,0.0,24.9,15.0,0
2026-08-13,05:00,172.6,0.0,25.0,15.0,13
2026-08-13,05:30,185.8,3.1,25.1,15.0,5
2026-08-13,06:00,183.9,2.7,25.2,30.0,4
2026-08-13,06:30,190.5,27.2,26.4,30.0,10
2026-08-13,07:00,184.0,52.5,26.1,30.0,0
2026-08-13,07:30,175.4,78.4,27.0,30.0,5
2026-08-13,08:00,520.7,107.9,28.1,30.0,224
2026-08-13,08:30,516.7,131.1,28.5,30.0,217
2026-08-13,09:00,515.5,147.9,28.6,30.0,227
2026-08-13,09:30,528.9,161.5,29.7,30.0,220
2026-08-13,10:00,554.7,176.1,30.3,30.0,219
2026-08-13,10:30,522.2,190.2,30.3,30.0,231
2026-08-13,11:00,543.4,195.6,30.6,30.0,212
2026-08-13,11:30,548.9,201.5,31.1,30.0,218
2026-08-13,12:00,533.5,203.5,31.8,30.0,78
2026-08-13,12:30,535.1,207.0,31.7,30.0,102
2026-08-13,13:00,560.2,199.4,32.3,30.0,223
2026-08-13,13:30,571.1,188.5,32.3,30.0,232
2026-08-13,14:00,549.8,179.5,32.4,30.0,224
2026-08-13,14:30,568.5,162.7,33.0,30.0,212
2026-08-13,15:00,572.7,150.5,32.9,30.0,229
2026-08-13,15:30,575.6,129.2,32.7,30.0,210
2026-08-13,16:00,558.2,100.4,31.7,30.0,206
2026-08-13,16:30,550.4,78.2,31.3,30.0,205
2026-08-13,17:00,548.6,53.6,31.1,30.0,221
2026-08-13,17:30,561.4,29.5,31.7,30.0,216
2026-08-13,18:00,208.1,3.8,30.9,58.0,11
2026-08-13,18:30,207.8,2.1,30.4,58.0,0
2026-08-13,19:00,221.6,1.0,29.7,58.0,3
2026-08-13,19:30,205.5,0.0,28.9,58.0,16
2026-08-13,20:00,189.7,0.0,28.2,58.0,20
2026-08-13,20:30,183.4,0.0,27.5,58.0,9
2026-08-13,21:00,188.1,1.1,27.7,58.0,22
2026-08-13,21:30,175.5,0.0,26.6,58.0,22
2026-08-13,22:00,192.7,2.3,26.4,58.0,21
2026-08-13,22:30,163.6,8.3,25.8,58.0,19
2026-08-13,23:00,179.2,0.0,25.8,30.0,11
2026-08-13,23:30,181.4,0.4,24.8,30.0,0
2026-08-14,00:00,176.3,0.0,24.3,15.0,6
2026-08-14,00:30,169.0,0.6,24.6,15.0,16
2026-08-14,01:00,178.3,4.1,24.0,15.0,4
2026-08-14,01:30,184.4,0.0,24.6,15.0,0
2026-08-14,02:00,186.7,1.2,23.7,15.0,19
2026-08-14,02:30,169.5,0.3,23.3,15.0,22
2026-08-14,03:00,191.9,2.1,23.8,15.0,19
2026-08-14,03:30,189.4,1.7,23.9,15.0,15
2026-08-14,04:00,181.9,3.2,24.3,15.0,5
2026-08-14,04:30,176.9,0.9,24.1,15.0,8
2026-08-14,05:00,182.5,0.0,24.5,15.0,18
2026-08-14,05:30,185.0,3.2,24.7,15.0,10
2026-08-14,06:00,170.7,0.0,25.2,30.0,0
2026-08-14,06:30,189.0,32.2,25.8,30.0,22
2026-08-14,07:00,176.2,58.2,26.5,30.0,0
2026-08-14,07:30,181.6,84.6,27.6,30.0,9
2026-08-14,08:00,499.9,111.3,27.6,30.0,234
2026-08-14,08:30,513.7,138.6,28.6,30.0,214
2026-08-14,09:00,521.6,151.5,28.5,30.0,220
2026-08-14,09:30,515.9,178.4,28.8,30.0,208
2026-08-14,10:00,524.1,191.7,30.0,30.0,227
2026-08-14,10:30,549.8,197.4,30.8,30.0,232
2026-08-14,11:00,528.7,210.8,30.4,30.0,213
2026-08-14,11:30,551.4,214.9,31.5,30.0,211
2026-08-14,12:00,540.6,219.6,31.9,30.0,87
2026-08-14,12:30,554.9,216.2,32.1,30.0,88
2026-08-14,13:00,544.6,209.4,32.0,30.0,209
2026-08-14,13:30,549.3,206.7,32.1,30.0,220
2026-08-14,14:00,572.5,186.1,33.0,30.0,217
2026-08-14,14:30,578.7,175.9,32.5,30.0,235
2026-08-14,15:00,562.8,151.6,32.5,30.0,226
2026-08-14,15:30,557.0,130.5,32.6,30.0,209
2026-08-14,16:00,559.4,112.6,32.3,30.0,206
2026-08-14,16:30,557.5,84.2,31.5,30.0,229
2026-08-14,17:00,544.1,59.0,31.2,30.0,210
2026-08-14,17:30,548.4,35.0,31.4,30.0,222
2026-08-14,18:00,223.4,0.8,30.3,58.0,12
2026-08-14,18:30,213.5,0.5,30.4,58.0,23
2026-08-14,19:00,229.2,8.3,30.3,58.0,24
2026-08-14,19:30,223.5,3.2,28.9,58.0,19
2026-08-14,20:00,206.1,1.1,29.1,58.0,25
2026-08-14,20:30,198.7,0.5,28.6,58.0,9
2026-08-14,21:00,195.5,0.0,27.6,58.0,18
2026-08-14,21:30,188.0,0.0,27.6,58.0,4
2026-08-14,22:00,177.9,3.1,27.1,58.0,15
2026-08-14,22:30,186.2,0.0,26.3,58.0,11
2026-08-14,23:00,199.8,1.8,25.8,30.0,13
2026-08-14,23:30,188.9,0.0,25.0,30.0,8
2026-08-15,00:00,181.3,3.3,24.6,15.0,0
2026-08-15,00:30,179.9,3.0,24.1,15.0,12
2026-08-15,01:00,180.4,0.0,24.2,15.0,20
2026-08-15,01:30,174.2,1.0,24.6,15.0,2
2026-08-15,02:00,191.1,1.8,23.8,15.0,5
2026-08-15,02:30,191.7,0.0,23.4,15.0,16
2026-08-15,03:00,181.0,0.0,24.1,15.0,10
2026-08-15,03:30,186.5,1.3,23.5,15.0,8
2026-08-15,04:00,180.3,0.0,24.7,15.0,0
2026-08-15,04:30,182.4,1.4,24.5,15.0,10
2026-08-15,05:00,171.9,0.0,25.2,15.0,0
2026-08-15,05:30,181.1,3.1,25.3,15.0,19
2026-08-15,06:00,188.0,3.5,25.8,30.0,12
2026-08-15,06:30,175.2,24.0,26.6,30.0,14
2026-08-15,07:00,172.0,49.1,26.9,30.0,10
2026-08-15,07:30,201.1,77.8,27.7,30.0,14
2026-08-15,08:00,203.4,100.6,27.6,30.0,6
2026-08-15,08:30,194.1,119.0,27.9,30.0,10
2026-08-15,09:00,198.3,140.1,28.8,30.0,0
2026-08-15,09:30,205.1,159.7,29.8,30.0,19
2026-08-15,10:00,209.5,173.6,29.4,30.0,11
2026-08-15,10:30,222.0,177.6,30.9,30.0,5
2026-08-15,11:00,220.9,193.9,30.7,30.0,12
2026-08-15,11:30,220.8,197.0,31.4,30.0,20
2026-08-15,12:00,226.0,196.4,31.6,30.0,11
2026-08-15,12:30,236.5,200.0,31.4,30.0,14
2026-08-15,13:00,231.0,184.8,31.7,30.0,24
2026-08-15,13:30,238.1,180.2,32.6,30.0,24
2026-08-15,14:00,248.8,171.2,32.4,30.0,11
2026-08-15,14:30,248.8,159.5,32.8,30.0,5
2026-08-15,15:00,240.0,138.4,32.9,30.0,4
2026-08-15,15:30,256.6,121.8,32.2,30.0,17
2026-08-15,16:00,230.7,101.4,31.7,30.0,20
2026-08-15,16:30,254.3,78.4,32.3,30.0,10
2026-08-15,17:00,228.0,48.9,31.9,30.0,0
2026-08-15,17:30,228.6,21.1,30.7,30.0,0
2026-08-15,18:00,230.7,3.3,31.3,58.0,1
2026-08-15,18:30,227.2,0.0,30.9,58.0,0
2026-08-15,19:00,209.8,0.0,29.9,58.0,6
2026-08-15,19:30,212.4,0.0,29.6,58.0,1
2026-08-15,20:00,200.7,0.0,28.7,58.0,0
2026-08-15,20:30,205.3,0.0,28.4,58.0,1
2026-08-15,21:00,182.7,0.4,28.1,58.0,0
2026-08-15,21:30,184.5,3.5,26.6,58.0,0
2026-08-15,22:00,167.6,1.6,26.5,58.0,0
2026-08-15,22:30,194.4,0.7,26.3,58.0,18
2026-08-15,23:00,174.6,0.0,25.2,30.0,11
2026-08-15,23:30,171.0,0.0,24.9,30.0,16
2026-08-16,00:00,183.1,2.5,25.3,15.0,18
2026-08-16,00:30,182.7,0.0,25.0,15.0,4
2026-08-16,01:00,188.1,0.0,23.9,15.0,0
2026-08-16,01:30,175.8,2.7,24.6,15.0,7
2026-08-16,02:00,171.7,0.9,24.6,15.0,10
2026-08-16,02:30,180.8,6.2,23.4,15.0,4
2026-08-16,03:00,178.7,2.0,24.5,15.0,8
2026-08-16,03:30,177.5,0.8,24.5,15.0,10
2026-08-16,04:00,177.9,6.0,23.9,15.0,13
2026-08-16,04:30,182.2,0.0,25.1,15.0,11
2026-08-16,05:00,191.6,6.7,24.9,15.0,7
2026-08-16,05:30,179.6,2.0,24.6,15.0,18
2026-08-16,06:00,179.3,0.3,25.5,30.0,0
2026-08-16,06:30,174.8,25.2,26.5,30.0,7
2026-08-16,07:00,182.7,47.5,26.4,30.0,0
2026-08-16,07:30,174.4,68.5,27.3,30.0,9
2026-08-16,08:00,198.8,93.3,27.3,30.0,12
2026-08-16,08:30,188.9,108.9,28.3,30.0,4
2026-08-16,09:00,195.8,128.6,28.4,30.0,17
2026-08-16,09:30,206.4,148.4,29.5,30.0,28
2026-08-16,10:00,209.3,155.4,29.8,30.0,13
2026-08-16,10:30,217.0,171.8,30.4,30.0,20
2026-08-16,11:00,219.1,176.8,31.1,30.0,20
2026-08-16,11:30,228.8,182.7,31.0,30.0,8
2026-08-16,12:00,247.1,186.3,31.8,30.0,29
2026-08-16,12:30,235.1,185.1,31.4,30.0,23
2026-08-16,13:00,238.8,178.7,32.8,30.0,20
2026-08-16,13:30,246.1,169.6,32.5,30.0,4
2026-08-16,14:00,254.1,158.0,32.9,30.0,12
2026-08-16,14:30,237.7,142.7,32.6,30.0,10
2026-08-16,15:00,253.6,127.7,32.2,30.0,22
2026-08-16,15:30,256.3,109.7,32.8,30.0,18
2026-08-16,16:00,246.0,86.0,32.2,30.0,2
2026-08-16,16:30,244.3,67.3,31.8,30.0,3
2026-08-16,17:00,233.1,47.1,31.8,30.0,2
2026-08-16,17:30,227.2,30.0,31.0,30.0,0
2026-08-16,18:00,216.0,8.8,30.5,58.0,20
2026-08-16,18:30,228.4,0.0,30.6,58.0,0
2026-08-16,19:00,222.5,0.0,29.6,58.0,0
2026-08-16,19:30,206.4,1.8,29.3,58.0,11
2026-08-16,20:00,189.5,1.7,28.5,58.0,0
2026-08-16,20:30,184.3,1.4,27.7,58.0,13
2026-08-16,21:00,215.4,0.0,27.8,58.0,0
2026-08-16,21:30,209.2,4.9,27.3,58.0,17
2026-08-16,22:00,177.7,6.2,26.2,58.0,18
2026-08-16,22:30,197.2,0.8,25.6,58.0,0
2026-08-16,23:00,177.0,2.3,25.2,30.0,7
2026-08-16,23:30,172.0,0.0,25.0,30.0,20
2026-08-17,00:00,184.2,0.0,25.1,15.0,3
2026-08-17,00:30,177.6,0.0,24.4,15.0,23
2026-08-17,01:00,177.1,3.5,24.7,15.0,14
2026-08-17,01:30,181.5,0.0,24.0,15.0,0
2026-08-17,02:00,185.9,0.0,24.5,15.0,24
2026-08-17,02:30,179.7,0.0,23.6,15.0,4
2026-08-17,03:00,185.8,1.4,23.5,15.0,21
2026-08-17,03:30,168.2,0.0,23.6,15.0,21
2026-08-17,04:00,185.7,1.1,24.1,15.0,0
2026-08-17,04:30,181.0,0.0,24.4,15.0,5
2026-08-17,05:00,169.7,0.6,25.4,15.0,0
2026-08-17,05:30,193.3,0.7,25.2,15.0,23
2026-08-17,06:00,168.6,1.8,25.6,30.0,0
2026-08-17,06:30,180.8,28.0,25.7,30.0,22
2026-08-17,07:00,186.8,53.7,27.2,30.0,15
2026-08-17,07:30,181.9,81.4,26.6,30.0,6
2026-08-17,08:00,505.2,102.7,27.7,30.0,211
2026-08-17,08:30,517.9,124.0,28.6,30.0,215
2026-08-17,09:00,518.5,151.1,29.4,30.0,233
2026-08-17,09:30,520.0,167.1,29.3,30.0,228
2026-08-17,10:00,525.6,179.1,29.7,30.0,213
2026-08-17,10:30,528.0,191.6,30.0,30.0,219
2026-08-17,11:00,555.0,201.5,30.7,30.0,223
2026-08-17,11:30,542.6,204.7,31.3,30.0,215
2026-08-17,12:00,541.3,210.6,32.1,30.0,96
2026-08-17,12:30,547.9,205.2,32.4,30.0,96
2026-08-17,13:00,554.0,198.1,31.9,30.0,205
2026-08-17,13:30,566.3,190.5,32.2,30.0,224
2026-08-17,14:00,560.4,184.1,32.4,30.0,227
2026-08-17,14:30,570.2,165.9,32.5,30.0,209
2026-08-17,15:00,558.2,148.3,32.3,30.0,235
2026-08-17,15:30,559.2,128.8,32.7,30.0,215
2026-08-17,16:00,560.3,105.5,31.9,30.0,234
2026-08-17,16:30,555.8,78.1,32.4,30.0,219
2026-08-17,17:00,537.7,58.1,31.2,30.0,210
2026-08-17,17:30,543.1,27.6,31.1,30.0,209
2026-08-17,18:00,216.0,1.4,31.1,58.0,25
2026-08-17,18:30,212.8,0.0,30.2,58.0,8
2026-08-17,19:00,215.8,0.0,29.4,58.0,15
2026-08-17,19:30,211.7,1.4,29.9,58.0,10
2026-08-17,20:00,199.0,0.0,28.5,58.0,1
2026-08-17,20:30,203.5,2.5,28.9,58.0,24
2026-08-17,21:00,193.4,0.1,27.8,58.0,6
2026-08-17,21:30,186.9,2.8,27.0,58.0,13
2026-08-17,22:00,171.0,4.3,26.5,58.0,19
2026-08-17,22:30,180.9,0.0,25.9,58.0,1
2026-08-17,23:00,193.5,2.8,25.4,30.0,14
2026-08-17,23:30,176.6,0.2,25.2,30.0,4
2026-08-18,00:00,174.7,0.0,25.0,15.0,18
2026-08-18,00:30,174.6,0.5,24.6,15.0,0
2026-08-18,01:00,176.3,0.0,24.3,15.0,25
2026-08-18,01:30,180.1,3.0,24.5,15.0,4
2026-08-18,02:00,185.2,0.0,24.6,15.0,24
2026-08-18,02:30,178.5,1.7,24.6,15.0,8
2026-08-18,03:00,176.2,0.0,23.9,15.0,17
2026-08-18,03:30,179.5,0.0,24.8,15.0,0
2026-08-18,04:00,179.3,0.0,24.3,15.0,17
2026-08-18,04:30,190.5,2.0,24.6,15.0,22
2026-08-18,05:00,179.1,3.5,25.5,15.0,9
2026-08-18,05:30,189.2,0.0,25.6,15.0,16
2026-08-18,06:00,167.8,0.0,26.1,30.0,14
2026-08-18,06:30,186.3,26.1,26.8,30.0,16
2026-08-18,07:00,179.0,58.2,26.4,30.0,21
2026-08-18,07:30,182.9,85.5,26.7,30.0,7
2026-08-18,08:00,514.7,115.4,27.3,30.0,206
2026-08-18,08:30,517.5,133.0,28.1,30.0,234
2026-08-18,09:00,527.8,154.4,29.3,30.0,210
2026-08-18,09:30,517.0,172.1,29.0,30.0,227
2026-08-18,10:00,528.1,189.7,30.3,30.0,225
2026-08-18,10:30,537.8,203.6,30.6,30.0,222
2026-08-18,11:00,533.1,213.4,31.0,30.0,226
2026-08-18,11:30,535.8,219.6,31.8,30.0,226
2026-08-18,12:00,548.7,217.8,31.9,30.0,100
2026-08-18,12:30,545.6,216.1,32.4,30.0,83
2026-08-18,13:00,559.5,210.4,32.7,30.0,212
2026-08-18,13:30,555.5,204.0,32.0,30.0,225
2026-08-18,14:00,570.6,193.7,32.7,30.0,223
2026-08-18,14:30,557.3,180.2,32.6,30.0,206
2026-08-18,15:00,570.0,154.8,33.2,30.0,235
2026-08-18,15:30,555.7,133.4,32.6,30.0,235
2026-08-18,16:00,583.6,111.2,32.6,30.0,211
2026-08-18,16:30,553.5,79.1,32.0,30.0,213
2026-08-18,17:00,564.2,55.6,31.7,30.0,233
2026-08-18,17:30,553.9,24.7,31.6,30.0,208
2026-08-18,18:00,223.5,0.0,30.9,58.0,18
2026-08-18,18:30,235.1,0.0,31.0,58.0,25
2026-08-18,19:00,225.7,0.8,30.0,58.0,3
2026-08-18,19:30,202.4,0.0,29.0,58.0,23
2026-08-18,20:00,218.8,3.9,29.4,58.0,0
2026-08-18,20:30,197.1,0.0,28.7,58.0,4
2026-08-18,21:00,195.7,0.0,27.5,58.0,23
2026-08-18,21:30,191.7,3.3,27.4,58.0,11
2026-08-18,22:00,178.3,4.7,26.9,58.0,5
2026-08-18,22:30,178.5,0.0,25.7,58.0,13
2026-08-18,23:00,179.6,9.3,26.1,30.0,5
2026-08-18,23:30,177.4,7.8,25.6,30.0,22
2026-08-19,00:00,181.7,4.7,25.5,15.0,16
2026-08-19,00:30,170.8,3.5,24.3,15.0,6
2026-08-19,01:00,176.4,0.0,24.3,15.0,10
2026-08-19,01:30,195.6,0.0,24.9,15.0,6
2026-08-19,02:00,189.5,7.5,24.1,15.0,10
2026-08-19,02:30,182.1,0.4,24.4,15.0,2
2026-08-19,03:00,168.7,0.0,24.5,15.0,11
2026-08-19,03:30,177.7,0.0,24.6,15.0,21
2026-08-19,04:00,179.2,7.1,24.5,15.0,12
2026-08-19,04:30,173.6,3.1,24.9,15.0,10
2026-08-19,05:00,180.5,0.0,25.6,15.0,21
2026-08-19,05:30,171.1,1.6,25.3,15.0,8
2026-08-19,06:00,173.4,4.3,26.3,30.0,0
2026-08-19,06:30,173.3,31.5,26.5,30.0,0
2026-08-19,07:00,181.0,51.8,27.3,30.0,8
2026-08-19,07:30,190.6,80.3,27.7,30.0,2
2026-08-19,08:00,514.2,100.0,27.8,30.0,234
2026-08-19,08:30,517.9,128.6,29.0,30.0,232
2026-08-19,09:00,521.0,142.9,29.0,30.0,228
2026-08-19,09:30,531.8,161.4,29.6,30.0,213
2026-08-19,10:00,548.2,181.5,30.5,30.0,219
2026-08-19,10:30,545.2,195.3,30.5,30.0,209
2026-08-19,11:00,536.4,197.0,30.9,30.0,231
2026-08-19,11:30,552.9,207.2,31.0,30.0,221
2026-08-19,12:00,566.3,211.4,32.2,30.0,102
2026-08-19,12:30,550.7,205.0,32.6,30.0,77
2026-08-19,13:00,550.8,196.8,32.2,30.0,221
2026-08-19,13:30,579.5,189.4,33.1,30.0,207
2026-08-19,14:00,568.8,174.1,32.6,30.0,205
2026-08-19,14:30,569.4,165.1,32.9,30.0,222
2026-08-19,15:00,553.9,142.7,32.3,30.0,227
2026-08-19,15:30,562.1,127.2,33.0,30.0,218
2026-08-19,16:00,546.1,104.0,31.9,30.0,221
2026-08-19,16:30,573.5,84.8,32.7,30.0,214
2026-08-19,17:00,550.0,51.4,31.5,30.0,230
2026-08-19,17:30,546.2,24.9,31.3,30.0,232
2026-08-19,18:00,238.0,0.9,31.5,58.0,23
2026-08-19,18:30,212.2,0.0,30.0,58.0,8
2026-08-19,19:00,217.1,0.0,29.6,58.0,2
2026-08-19,19:30,240.8,0.0,29.9,58.0,24
2026-08-19,20:00,206.1,0.3,28.8,58.0,8
2026-08-19,20:30,197.0,0.0,28.1,58.0,4
2026-08-19,21:00,184.2,0.3,27.4,58.0,0
2026-08-19,21:30,181.9,2.4,26.8,58.0,19
2026-08-19,22:00,189.9,0.6,26.6,58.0,10
2026-08-19,22:30,189.2,5.6,26.6,58.0,12
2026-08-19,23:00,189.2,0.0,25.4,30.0,17
2026-08-19,23:30,176.1,0.0,25.1,30.0,25
2026-08-20,00:00,184.3,2.5,24.7,15.0,9
2026-08-20,00:30,184.4,0.0,25.0,15.0,11
2026-08-20,01:00,196.4,4.0,25.1,15.0,17
2026-08-20,01:30,173.3,0.0,24.1,15.0,14
2026-08-20,02:00,189.0,0.7,24.0,15.0,16
2026-08-20,02:30,182.7,2.2,23.7,15.0,25
2026-08-20,03:00,174.2,0.0,24.4,15.0,5
2026-08-20,03:30,177.2,0.0,24.4,15.0,23
2026-08-20,04:00,189.8,3.4,24.3,15.0,7
2026-08-20,04:30,188.9,0.0,24.8,15.0,21
2026-08-20,05:00,177.1,0.0,25.0,15.0,15
2026-08-20,05:30,188.4,0.0,25.0,15.0,1
2026-08-20,06:00,191.3,2.3,25.6,30.0,0
2026-08-20,06:30,197.5,31.2,26.6,30.0,0
2026-08-20,07:00,175.4,56.7,26.5,30.0,2
2026-08-20,07:30,190.8,88.8,26.8,30.0,13
2026-08-20,08:00,511.1,110.8,28.2,30.0,217
2026-08-20,08:30,520.3,128.5,28.7,30.0,223
2026-08-20,09:00,534.1,152.6,29.7,30.0,213
2026-08-20,09:30,543.7,168.2,30.1,30.0,220
2026-08-20,10:00,535.3,183.1,29.7,30.0,225
2026-08-20,10:30,523.9,200.8,30.6,30.0,229
2026-08-20,11:00,563.4,207.4,31.6,30.0,213
2026-08-20,11:30,549.1,213.0,31.1,30.0,233
2026-08-20,12:00,547.8,215.2,31.4,30.0,100
2026-08-20,12:30,546.0,218.0,32.5,30.0,81
2026-08-20,13:00,576.4,212.1,32.8,30.0,206
2026-08-20,13:30,571.1,200.4,32.5,30.0,218
2026-08-20,14:00,578.9,188.3,33.3,30.0,215
2026-08-20,14:30,589.9,173.1,33.0,30.0,229
2026-08-20,15:00,562.8,154.3,33.1,30.0,214
2026-08-20,15:30,572.6,132.1,33.1,30.0,208
2026-08-20,16:00,582.2,112.3,33.1,30.0,217
2026-08-20,16:30,548.8,80.8,32.1,30.0,221
2026-08-20,17:00,552.3,53.0,31.6,30.0,218
2026-08-20,17:30,547.4,31.2,31.3,30.0,205
2026-08-20,18:00,233.5,0.2,31.6,58.0,15
2026-08-20,18:30,237.4,0.0,31.3,58.0,7
2026-08-20,19:00,214.5,7.7,30.3,58.0,0
2026-08-20,19:30,233.6,0.0,30.2,58.0,24
2026-08-20,20:00,207.3,2.0,29.2,58.0,14
2026-08-20,20:30,202.3,7.8,28.7,58.0,23
2026-08-20,21:00,195.3,0.0,27.5,58.0,15
2026-08-20,21:30,182.1,2.6,27.3,58.0,11
2026-08-20,22:00,180.7,2.0,26.7,58.0,19
2026-08-20,22:30,176.7,1.6,26.3,58.0,0
2026-08-20,23:00,186.2,5.2,25.7,30.0,0
2026-08-20,23:30,188.9,0.0,25.9,30.0,23
2026-08-21,00:00,171.7,0.4,24.7,15.0,23
2026-08-21,00:30,182.5,1.0,24.5,15.0,11
2026-08-21,01:00,179.4,6.6,25.0,15.0,4
2026-08-21,01:30,180.3,0.0,24.8,15.0,11
2026-08-21,02:00,196.4,0.0,24.8,15.0,8
2026-08-21,02:30,181.1,0.0,24.3,15.0,18
2026-08-21,03:00,173.2,0.0,24.8,15.0,16
2026-08-21,03:30,165.4,1.5,24.6,15.0,20
2026-08-21,04:00,181.5,0.0,25.2,15.0,7
2026-08-21,04:30,177.6,0.0,25.3,15.0,25
2026-08-21,05:00,178.5,0.8,24.7,15.0,0
2026-08-21,05:30,187.9,2.5,25.1,15.0,8
2026-08-21,06:00,189.6,0.0,26.6,30.0,20
2026-08-21,06:30,183.0,29.4,26.0,30.0,2
2026-08-21,07:00,168.4,50.9,27.1,30.0,19
2026-08-21,07:30,191.2,78.8,27.2,30.0,11
2026-08-21,08:00,506.3,104.9,27.9,30.0,223
2026-08-21,08:30,512.7,117.5,28.6,30.0,209
2026-08-21,09:00,526.2,150.0,29.1,30.0,232
2026-08-21,09:30,518.7,161.4,29.5,30.0,205
2026-08-21,10:00,541.7,178.3,30.7,30.0,224
2026-08-21,10:30,547.0,191.0,31.3,30.0,231
2026-08-21,11:00,556.0,194.7,31.1,30.0,233
2026-08-21,11:30,550.9,202.7,31.9,30.0,231
2026-08-21,12:00,550.9,199.7,32.3,30.0,80
2026-08-21,12:30,536.0,203.2,32.1,30.0,80
2026-08-21,13:00,554.6,190.2,32.3,30.0,226
2026-08-21,13:30,565.8,188.5,33.2,30.0,207
2026-08-21,14:00,558.7,172.3,32.6,30.0,206
2026-08-21,14:30,595.2,157.3,33.3,30.0,217
2026-08-21,15:00,557.6,140.3,32.9,30.0,212
2026-08-21,15:30,557.0,122.2,32.3,30.0,235
2026-08-21,16:00,569.8,105.9,33.1,30.0,229
2026-08-21,16:30,556.0,76.5,31.9,30.0,231
2026-08-21,17:00,551.5,46.0,32.3,30.0,211
2026-08-21,17:30,552.7,31.3,31.3,30.0,227
2026-08-21,18:00,232.3,0.0,31.0,58.0,0
2026-08-21,18:30,228.5,0.0,30.3,58.0,2
2026-08-21,19:00,213.9,0.0,29.8,58.0,18
2026-08-21,19:30,211.2,0.0,29.3,58.0,11
2026-08-21,20:00,208.2,0.0,29.6,58.0,7
2026-08-21,20:30,204.4,2.0,28.9,58.0,5
2026-08-21,21:00,207.0,0.0,28.5,58.0,7
2026-08-21,21:30,185.5,0.0,27.2,58.0,0
2026-08-21,22:00,167.7,0.0,26.5,58.0,3
2026-08-21,22:30,183.6,0.1,26.6,58.0,4
2026-08-21,23:00,185.2,0.0,26.1,30.0,1
2026-08-21,23:30,182.3,0.0,26.1,30.0,6
2026-08-22,00:00,184.8,0.0,25.3,15.0,16
2026-08-22,00:30,191.5,4.2,25.3,15.0,0
2026-08-22,01:00,174.5,0.0,24.8,15.0,9
2026-08-22,01:30,184.7,2.2,24.3,15.0,15
2026-08-22,02:00,182.8,3.3,24.4,15.0,15
2026-08-22,02:30,173.7,0.0,23.9,15.0,0
2026-08-22,03:00,187.7,0.0,24.4,15.0,0
2026-08-22,03:30,183.9,1.0,24.8,15.0,12
2026-08-22,04:00,174.9,0.0,24.8,15.0,9
2026-08-22,04:30,179.4,0.0,24.6,15.0,11
2026-08-22,05:00,174.6,0.8,24.7,15.0,0
2026-08-22,05:30,184.1,0.1,25.1,15.0,0
2026-08-22,06:00,173.7,4.2,26.1,30.0,0
2026-08-22,06:30,179.2,29.1,26.7,30.0,0
2026-08-22,07:00,167.9,50.3,27.5,30.0,7
2026-08-22,07:30,189.5,77.2,28.1,30.0,11
2026-08-22,08:00,205.0,104.3,28.0,30.0,0
2026-08-22,08:30,186.7,124.5,28.5,30.0,6
2026-08-22,09:00,215.6,144.0,28.9,30.0,13
2026-08-22,09:30,205.7,158.5,29.3,30.0,23
2026-08-22,10:00,225.9,177.9,30.1,30.0,22
2026-08-22,10:30,233.5,184.9,30.8,30.0,19
2026-08-22,11:00,243.6,196.6,31.8,30.0,6
2026-08-22,11:30,242.2,202.6,32.1,30.0,9
2026-08-22,12:00,236.2,202.3,32.0,30.0,11
2026-08-22,12:30,242.8,201.4,32.5,30.0,16
2026-08-22,13:00,244.9,192.0,33.1,30.0,9
2026-08-22,13:30,252.5,184.4,32.8,30.0,24
2026-08-22,14:00,249.9,171.3,33.3,30.0,0
2026-08-22,14:30,246.7,157.7,32.8,30.0,3
2026-08-22,15:00,257.6,144.2,33.3,30.0,23
2026-08-22,15:30,264.7,123.4,33.3,30.0,15
2026-08-22,16:00,246.1,104.1,32.8,30.0,1
2026-08-22,16:30,256.5,72.5,32.6,30.0,13
2026-08-22,17:00,257.6,54.4,32.1,30.0,13
2026-08-22,17:30,236.7,24.0,31.2,30.0,19
2026-08-22,18:00,233.6,0.0,31.6,58.0,17
2026-08-22,18:30,238.5,3.1,31.2,58.0,0
2026-08-22,19:00,233.9,0.0,30.9,58.0,15
2026-08-22,19:30,206.3,0.0,29.6,58.0,0
2026-08-22,20:00,213.4,1.3,29.5,58.0,14
2026-08-22,20:30,198.8,0.8,28.8,58.0,0
2026-08-22,21:00,207.0,2.3,28.7,58.0,18
2026-08-22,21:30,181.5,2.4,27.5,58.0,0
2026-08-22,22:00,159.2,0.0,27.0,58.0,0
2026-08-22,22:30,176.9,1.5,27.0,58.0,9
2026-08-22,23:00,180.8,0.9,26.1,30.0,0
2026-08-22,23:30,164.2,1.0,26.2,30.0,0
2026-08-23,00:00,178.3,8.7,25.8,15.0,6
2026-08-23,00:30,169.5,3.6,24.8,15.0,0
2026-08-23,01:00,186.9,0.4,24.3,15.0,20
2026-08-23,01:30,174.2,0.3,24.3,15.0,0
2026-08-23,02:00,170.8,4.7,24.6,15.0,15
2026-08-23,02:30,176.0,1.0,24.1,15.0,0
2026-08-23,03:00,181.2,0.0,25.1,15.0,12
2026-08-23,03:30,174.4,6.3,24.5,15.0,12
2026-08-23,04:00,180.1,0.0,25.1,15.0,3
2026-08-23,04:30,170.6,2.9,25.3,15.0,6
2026-08-23,05:00,170.3,0.8,24.8,15.0,17
2026-08-23,05:30,180.8,2.9,25.6,15.0,12
2026-08-23,06:00,186.7,0.6,26.2,30.0,2
2026-08-23,06:30,177.8,16.9,26.2,30.0,17
2026-08-23,07:00,188.9,34.7,27.6,30.0,10
2026-08-23,07:30,178.1,47.2,27.6,30.0,2
2026-08-23,08:00,182.2,60.9,27.7,30.0,5
2026-08-23,08:30,207.7,78.5,29.2,30.0,0
2026-08-23,09:00,210.8,79.1,28.9,30.0,28
2026-08-23,09:30,229.1,98.8,30.3,30.0,9
2026-08-23,10:00,215.7,108.2,29.9,30.0,17
2026-08-23,10:30,204.4,113.0,31.5,30.0,2
2026-08-23,11:00,228.3,122.5,31.1,30.0,12
2026-08-23,11:30,247.1,121.3,32.0,30.0,28
2026-08-23,12:00,234.9,122.5,31.8,30.0,10
2026-08-23,12:30,250.5,121.8,32.7,30.0,19
2026-08-23,13:00,254.8,116.3,32.5,30.0,28
2026-08-23,13:30,249.6,116.6,32.5,30.0,7
2026-08-23,14:00,249.3,102.9,33.6,30.0,1
2026-08-23,14:30,249.7,95.6,33.1,30.0,26
2026-08-23,15:00,260.0,86.8,32.9,30.0,5
2026-08-23,15:30,259.2,71.5,33.2,30.0,1
2026-08-23,16:00,247.5,62.0,32.9,30.0,11
2026-08-23,16:30,251.5,45.7,32.6,30.0,24
2026-08-23,17:00,244.4,30.1,31.9,30.0,4
2026-08-23,17:30,251.5,16.8,32.3,30.0,7
2026-08-23,18:00,226.5,0.0,31.1,58.0,5
2026-08-23,18:30,239.0,0.0,31.0,58.0,0
2026-08-23,19:00,236.8,0.8,30.2,58.0,16
2026-08-23,19:30,201.1,0.0,29.5,58.0,20
2026-08-23,20:00,220.9,0.0,29.6,58.0,20
2026-08-23,20:30,202.9,1.7,29.3,58.0,13
2026-08-23,21:00,183.8,10.5,28.0,58.0,5
2026-08-23,21:30,177.2,0.9,27.3,58.0,17
2026-08-23,22:00,190.5,0.0,27.6,58.0,2
2026-08-23,22:30,167.9,0.0,26.7,58.0,8
2026-08-23,23:00,170.4,0.0,26.1,30.0,5
2026-08-23,23:30,187.7,10.1,25.3,30.0,0
2026-08-24,00:00,174.6,0.0,25.0,15.0,2
2026-08-24,00:30,174.1,0.0,24.7,15.0,12
2026-08-24,01:00,176.3,0.0,24.7,15.0,0
2026-08-24,01:30,180.7,0.5,24.7,15.0,1
2026-08-24,02:00,172.4,2.0,24.4,15.0,11
2026-08-24,02:30,167.8,0.0,25.1,15.0,15
2026-08-24,03:00,186.7,0.0,24.3,15.0,22
2026-08-24,03:30,175.8,0.0,24.8,15.0,8
2026-08-24,04:00,166.8,0.5,25.5,15.0,0
2026-08-24,04:30,178.1,0.0,25.2,15.0,14
2026-08-24,05:00,185.7,2.2,25.4,15.0,23
2026-08-24,05:30,165.4,0.9,26.0,15.0,1
2026-08-24,06:00,178.5,0.0,26.0,30.0,19
2026-08-24,06:30,184.0,25.2,26.3,30.0,10
2026-08-24,07:00,193.6,46.2,27.8,30.0,0
2026-08-24,07:30,171.5,71.9,27.5,30.0,12
2026-08-24,08:00,506.4,86.2,27.9,30.0,233
2026-08-24,08:30,521.5,107.1,29.0,30.0,205
2026-08-24,09:00,523.8,129.8,30.0,30.0,230
2026-08-24,09:30,531.7,146.9,29.8,30.0,206
2026-08-24,10:00,535.9,164.0,30.3,30.0,232
2026-08-24,10:30,545.3,168.8,31.5,30.0,206
2026-08-24,11:00,543.0,177.8,31.9,30.0,221
2026-08-24,11:30,557.2,180.1,31.5,30.0,209
2026-08-24,12:00,558.8,186.9,32.7,30.0,81
2026-08-24,12:30,538.5,181.1,32.1,30.0,94
2026-08-24,13:00,582.3,179.9,33.0,30.0,210
2026-08-24,13:30,565.2,168.2,32.5,30.0,221
2026-08-24,14:00,566.5,157.8,33.2,30.0,222
2026-08-24,14:30,570.2,145.6,33.2,30.0,230
2026-08-24,15:00,582.5,137.8,33.2,30.0,235
2026-08-24,15:30,565.7,112.3,32.9,30.0,235
2026-08-24,16:00,557.4,98.7,32.4,30.0,205
2026-08-24,16:30,539.4,73.5,32.5,30.0,217
2026-08-24,17:00,565.9,43.4,32.7,30.0,205
2026-08-24,17:30,548.0,23.9,31.8,30.0,222
2026-08-24,18:00,240.9,0.9,31.8,58.0,0
2026-08-24,18:30,226.2,0.0,31.2,58.0,0
2026-08-24,19:00,223.7,2.4,30.4,58.0,21
2026-08-24,19:30,216.9,4.1,30.3,58.0,0
2026-08-24,20:00,197.8,0.0,28.9,58.0,3
2026-08-24,20:30,202.9,0.7,28.8,58.0,3
2026-08-24,21:00,201.5,0.0,28.1,58.0,0
2026-08-24,21:30,189.0,2.3,27.3,58.0,0
2026-08-24,22:00,190.8,1.4,27.4,58.0,17
2026-08-24,22:30,186.8,1.6,26.5,58.0,1
2026-08-24,23:00,183.5,0.0,26.7,30.0,25
2026-08-24,23:30,182.6,0.0,25.3,30.0,8
2026-08-25,00:00,201.7,0.0,25.5,15.0,19
2026-08-25,00:30,173.0,0.0,24.7,15.0,15
2026-08-25,01:00,185.6,0.0,24.7,15.0,10
2026-08-25,01:30,174.2,1.6,25.2,15.0,25
2026-08-25,02:00,184.4,1.4,24.9,15.0,0
2026-08-25,02:30,202.0,4.4,24.8,15.0,22
2026-08-25,03:00,170.4,3.0,24.5,15.0,0
2026-08-25,03:30,181.1,0.0,24.5,15.0,12
2026-08-25,04:00,163.4,1.2,25.5,15.0,4
2026-08-25,04:30,170.2,0.0,25.4,15.0,24
2026-08-25,05:00,187.1,0.0,25.7,15.0,21
2026-08-25,05:30,182.4,2.0,25.7,15.0,0
2026-08-25,06:00,182.3,0.0,25.8,30.0,1
2026-08-25,06:30,184.5,19.8,26.8,30.0,7
2026-08-25,07:00,191.1,52.5,27.2,30.0,24
2026-08-25,07:30,192.4,78.3,27.7,30.0,23
2026-08-25,08:00,514.2,93.2,28.2,30.0,227
2026-08-25,08:30,515.5,111.8,29.1,30.0,213
2026-08-25,09:00,526.2,128.7,29.1,30.0,231
2026-08-25,09:30,513.5,146.8,29.7,30.0,228
2026-08-25,10:00,545.3,155.2,30.7,30.0,235
2026-08-25,10:30,535.9,171.2,30.7,30.0,221
2026-08-25,11:00,553.7,176.6,31.7,30.0,225
2026-08-25,11:30,556.7,179.5,32.3,30.0,228
2026-08-25,12:00,555.3,190.2,32.6,30.0,80
2026-08-25,12:30,539.2,179.4,32.3,30.0,76
2026-08-25,13:00,568.5,175.0,32.7,30.0,229
2026-08-25,13:30,571.1,169.5,33.6,30.0,218
2026-08-25,14:00,557.7,159.7,33.0,30.0,211
2026-08-25,14:30,576.5,144.5,33.6,30.0,210
2026-08-25,15:00,578.8,125.2,33.4,30.0,224
2026-08-25,15:30,592.6,114.3,33.6,30.0,208
2026-08-25,16:00,560.6,95.3,33.3,30.0,223
2026-08-25,16:30,571.2,73.3,33.1,30.0,219
2026-08-25,17:00,553.6,49.1,32.9,30.0,218
2026-08-25,17:30,558.0,19.0,32.0,30.0,235
2026-08-25,18:00,238.4,0.0,31.3,58.0,2
2026-08-25,18:30,219.8,3.8,31.2,58.0,5
2026-08-25,19:00,238.2,0.1,30.9,58.0,20
2026-08-25,19:30,229.6,0.9,30.5,58.0,15
2026-08-25,20:00,211.2,0.0,29.0,58.0,5
2026-08-25,20:30,213.4,8.1,29.2,58.0,17
2026-08-25,21:00,202.5,3.1,28.2,58.0,0
2026-08-25,21:30,179.2,2.5,27.5,58.0,4
2026-08-25,22:00,190.1,0.0,27.4,58.0,18
2026-08-25,22:30,172.1,0.0,26.9,58.0,0
2026-08-25,23:00,175.6,0.1,26.6,30.0,0
2026-08-25,23:30,170.7,0.0,25.9,30.0,0
2026-08-26,00:00,178.1,0.0,25.9,15.0,1
2026-08-26,00:30,197.6,5.6,25.5,15.0,21
2026-08-26,01:00,184.7,0.0,25.3,15.0,4
2026-08-26,01:30,186.6,0.0,24.6,15.0,23
2026-08-26,02:00,174.0,3.0,25.3,15.0,3
2026-08-26,02:30,176.5,0.0,24.8,15.0,9
2026-08-26,03:00,185.7,0.0,24.3,15.0,1
2026-08-26,03:30,185.6,0.0,25.3,15.0,19
2026-08-26,04:00,174.6,3.0,24.8,15.0,8
2026-08-26,04:30,185.1,2.2,25.5,15.0,0
2026-08-26,05:00,173.2,0.0,25.4,15.0,1
2026-08-26,05:30,191.4,2.2,25.8,15.0,0
2026-08-26,06:00,193.9,0.0,26.5,30.0,13
2026-08-26,06:30,196.2,27.5,27.3,30.0,10
2026-08-26,07:00,210.3,53.8,27.8,30.0,0
2026-08-26,07:30,185.5,79.3,27.8,30.0,7
2026-08-26,08:00,502.2,90.1,28.1,30.0,214
2026-08-26,08:30,514.2,118.5,29.0,30.0,222
2026-08-26,09:00,527.3,137.5,29.7,30.0,211
2026-08-26,09:30,534.1,149.8,30.2,30.0,208
2026-08-26,10:00,539.9,173.2,31.1,30.0,233
2026-08-26,10:30,549.3,178.2,31.7,30.0,220
2026-08-26,11:00,549.6,194.5,31.3,30.0,224
2026-08-26,11:30,561.8,194.2,32.6,30.0,212
2026-08-26,12:00,554.7,200.0,32.9,30.0,100
2026-08-26,12:30,542.3,192.4,33.2,30.0,105
2026-08-26,13:00,573.4,184.0,32.8,30.0,235
2026-08-26,13:30,578.9,186.8,33.5,30.0,221
2026-08-26,14:00,580.4,169.4,33.8,30.0,231
2026-08-26,14:30,565.3,157.8,33.6,30.0,208
2026-08-26,15:00,589.0,139.3,33.8,30.0,216
2026-08-26,15:30,572.0,121.1,33.2,30.0,218
2026-08-26,16:00,570.5,95.9,32.5,30.0,230
2026-08-26,16:30,561.7,77.0,32.5,30.0,226
2026-08-26,17:00,571.3,48.2,32.1,30.0,222
2026-08-26,17:30,564.4,29.8,31.9,30.0,224
2026-08-26,18:00,235.5,0.0,31.8,58.0,21
2026-08-26,18:30,228.8,0.0,31.7,58.0,0
2026-08-26,19:00,227.5,6.2,30.3,58.0,10
2026-08-26,19:30,223.1,0.0,30.8,58.0,15
2026-08-26,20:00,208.5,3.5,30.1,58.0,16
2026-08-26,20:30,203.1,0.8,28.7,58.0,7
2026-08-26,21:00,182.1,0.1,28.0,58.0,1
2026-08-26,21:30,191.5,0.0,27.6,58.0,4
2026-08-26,22:00,190.0,0.0,27.8,58.0,2
2026-08-26,22:30,180.0,1.8,27.4,58.0,13
2026-08-26,23:00,165.2,0.9,26.8,30.0,2
2026-08-26,23:30,183.4,0.0,25.5,30.0,21
2026-08-27,00:00,178.3,2.4,25.7,15.0,3
2026-08-27,00:30,183.3,2.2,25.5,15.0,14
2026-08-27,01:00,180.5,3.4,24.9,15.0,1
2026-08-27,01:30,178.4,0.0,25.6,15.0,18
2026-08-27,02:00,191.6,0.2,25.5,15.0,2
2026-08-27,02:30,186.6,0.0,24.8,15.0,1
2026-08-27,03:00,190.7,0.6,24.5,15.0,21
2026-08-27,03:30,183.9,0.0,25.2,15.0,22
2026-08-27,04:00,181.5,0.0,25.3,15.0,12
2026-08-27,04:30,176.5,0.0,25.8,15.0,1
2026-08-27,05:00,188.4,0.0,25.3,15.0,24
2026-08-27,05:30,184.6,0.0,25.6,15.0,19
2026-08-27,06:00,186.3,2.9,26.4,30.0,20
2026-08-27,06:30,178.1,31.6,27.1,30.0,3
2026-08-27,07:00,186.7,52.9,27.0,30.0,14
2026-08-27,07:30,205.0,80.5,28.5,30.0,0
2026-08-27,08:00,524.0,98.2,28.6,30.0,216
2026-08-27,08:30,513.4,121.7,28.6,30.0,213
2026-08-27,09:00,537.9,148.3,29.6,30.0,210
2026-08-27,09:30,546.2,156.7,30.4,30.0,221
2026-08-27,10:00,547.3,176.1,31.3,30.0,208
2026-08-27,10:30,548.9,187.4,31.4,30.0,215
2026-08-27,11:00,545.9,186.6,31.7,30.0,227
2026-08-27,11:30,550.9,191.8,31.9,30.0,228
2026-08-27,12:00,545.8,198.0,32.1,30.0,83
2026-08-27,12:30,565.3,198.1,32.8,30.0,86
2026-08-27,13:00,570.2,189.5,33.7,30.0,224
2026-08-27,13:30,571.9,184.1,33.0,30.0,213
2026-08-27,14:00,578.5,172.7,33.8,30.0,220
2026-08-27,14:30,586.4,153.9,33.6,30.0,234
2026-08-27,15:00,568.0,140.6,33.1,30.0,217
2026-08-27,15:30,578.5,122.7,33.8,30.0,235
2026-08-27,16:00,569.4,97.3,33.3,30.0,220
2026-08-27,16:30,566.3,72.4,32.4,30.0,208
2026-08-27,17:00,556.8,51.7,32.2,30.0,205
2026-08-27,17:30,572.4,26.1,32.8,30.0,218
2026-08-27,18:00,245.2,3.6,31.7,58.0,12
2026-08-27,18:30,233.7,0.0,30.8,58.0,22
2026-08-27,19:00,211.0,0.0,30.7,58.0,16
2026-08-27,19:30,213.4,0.0,30.3,58.0,8
2026-08-27,20:00,211.6,2.6,29.3,58.0,13
2026-08-27,20:30,203.6,1.3,28.7,58.0,3
2026-08-27,21:00,192.9,1.5,28.5,58.0,10
2026-08-27,21:30,195.5,1.9,28.1,58.0,3
2026-08-27,22:00,183.3,0.0,27.2,58.0,0
2026-08-27,22:30,175.9,7.0,26.8,58.0,6
2026-08-27,23:00,203.9,2.7,26.1,30.0,13
2026-08-27,23:30,172.6,0.0,25.6,30.0,0
2026-08-28,00:00,164.6,3.3,25.8,15.0,7
2026-08-28,00:30,199.3,2.9,25.6,15.0,18
2026-08-28,01:00,180.9,3.4,25.8,15.0,8
2026-08-28,01:30,188.1,3.2,25.3,15.0,0
2026-08-28,02:00,183.9,0.0,25.4,15.0,3
2026-08-28,02:30,177.3,0.1,24.4,15.0,10
2026-08-28,03:00,181.9,0.0,25.4,15.0,16
2026-08-28,03:30,166.7,0.0,24.8,15.0,2
2026-08-28,04:00,179.3,0.0,24.7,15.0,4
2026-08-28,04:30,174.4,1.3,25.0,15.0,0
2026-08-28,05:00,169.8,0.0,26.4,15.0,24
2026-08-28,05:30,172.5,0.1,26.8,15.0,0
2026-08-28,06:00,170.4,0.0,26.2,30.0,13
2026-08-28,06:30,183.4,28.4,27.2,30.0,11
2026-08-28,07:00,183.9,56.9,27.8,30.0,0
2026-08-28,07:30,205.6,80.8,28.6,30.0,9
2026-08-28,08:00,514.5,104.5,28.4,30.0,226
2026-08-28,08:30,522.3,131.0,29.0,30.0,207
2026-08-28,09:00,552.2,157.0,30.3,30.0,230
2026-08-28,09:30,534.2,174.1,30.7,30.0,217
2026-08-28,10:00,543.8,184.3,30.5,30.0,221
2026-08-28,10:30,557.1,201.6,31.6,30.0,225
2026-08-28,11:00,564.1,206.5,32.0,30.0,216
2026-08-28,11:30,567.2,214.1,32.5,30.0,219
2026-08-28,12:00,553.1,215.4,33.0,30.0,80
2026-08-28,12:30,551.9,216.6,32.5,30.0,78
2026-08-28,13:00,575.9,212.0,33.7,30.0,223
2026-08-28,13:30,567.7,195.1,33.4,30.0,221
2026-08-28,14:00,567.7,187.0,33.3,30.0,213
2026-08-28,14:30,580.9,166.8,33.0,30.0,222
2026-08-28,15:00,586.3,152.0,33.9,30.0,205
2026-08-28,15:30,579.6,132.2,33.2,30.0,233
2026-08-28,16:00,597.9,108.9,33.8,30.0,234
2026-08-28,16:30,565.8,81.2,33.0,30.0,220
2026-08-28,17:00,557.9,63.4,33.1,30.0,220
2026-08-28,17:30,557.8,27.7,32.6,30.0,223
2026-08-28,18:00,239.4,0.0,31.7,58.0,14
2026-08-28,18:30,235.7,0.0,31.5,58.0,16
2026-08-28,19:00,220.2,3.0,30.5,58.0,1
2026-08-28,19:30,228.7,0.0,30.0,58.0,8
2026-08-28,20:00,223.7,0.0,30.3,58.0,7
2026-08-28,20:30,210.6,0.6,29.4,58.0,14
2026-08-28,21:00,204.3,0.7,29.1,58.0,23
2026-08-28,21:30,195.4,1.6,28.4,58.0,21
2026-08-28,22:00,189.8,2.8,27.1,58.0,7
2026-08-28,22:30,179.3,4.0,27.0,58.0,12
2026-08-28,23:00,175.1,2.1,26.4,30.0,17
2026-08-28,23:30,175.8,0.7,25.8,30.0,4
2026-08-29,00:00,175.1,3.6,26.4,15.0,0
2026-08-29,00:30,188.6,0.0,25.9,15.0,0
2026-08-29,01:00,179.1,0.0,25.7,15.0,0
2026-08-29,01:30,171.2,0.2,25.1,15.0,0
2026-08-29,02:00,187.6,1.6,25.1,15.0,0
2026-08-29,02:30,173.9,0.0,25.3,15.0,0
2026-08-29,03:00,171.2,0.7,24.9,15.0,15
2026-08-29,03:30,175.1,0.0,24.7,15.0,0
2026-08-29,04:00,171.1,0.0,25.2,15.0,0
2026-08-29,04:30,181.1,0.0,25.2,15.0,0
2026-08-29,05:00,186.3,0.0,26.3,15.0,0
2026-08-29,05:30,166.4,0.0,26.3,15.0,3
2026-08-29,06:00,172.1,0.0,26.2,30.0,0
2026-08-29,06:30,189.0,28.9,27.0,30.0,0
2026-08-29,07:00,187.7,50.3,27.2,30.0,20
2026-08-29,07:30,202.3,79.3,27.9,30.0,14
2026-08-29,08:00,222.4,98.3,29.3,30.0,15
2026-08-29,08:30,200.3,120.1,28.9,30.0,0
2026-08-29,09:00,224.5,143.5,30.0,30.0,23
2026-08-29,09:30,225.6,159.4,30.1,30.0,4
2026-08-29,10:00,230.6,181.2,31.0,30.0,0
2026-08-29,10:30,223.7,186.5,31.5,30.0,25
2026-08-29,11:00,242.0,196.5,32.6,30.0,8
2026-08-29,11:30,259.4,197.3,32.6,30.0,24
2026-08-29,12:00,256.2,203.5,32.9,30.0,19
2026-08-29,12:30,273.2,202.3,33.5,30.0,26
2026-08-29,13:00,245.9,198.9,32.8,30.0,28
2026-08-29,13:30,269.5,188.5,33.7,30.0,27
2026-08-29,14:00,258.8,176.7,33.8,30.0,11
2026-08-29,14:30,271.3,160.0,34.2,30.0,28
2026-08-29,15:00,258.9,142.9,33.9,30.0,17
2026-08-29,15:30,269.1,125.6,33.8,30.0,10
2026-08-29,16:00,271.6,98.0,33.8,30.0,10
2026-08-29,16:30,254.8,74.9,33.5,30.0,9
2026-08-29,17:00,247.8,54.6,33.2,30.0,3
2026-08-29,17:30,236.8,24.2,32.8,30.0,1
2026-08-29,18:00,234.1,1.9,31.5,58.0,0
2026-08-29,18:30,255.1,2.1,31.9,58.0,0
2026-08-29,19:00,232.1,0.0,30.7,58.0,0
2026-08-29,19:30,229.9,3.5,30.7,58.0,17
2026-08-29,20:00,214.0,0.0,30.1,58.0,12
2026-08-29,20:30,206.9,2.8,29.6,58.0,4
2026-08-29,21:00,221.0,2.9,28.9,58.0,16
2026-08-29,21:30,186.3,0.0,28.8,58.0,0
2026-08-29,22:00,195.2,1.1,27.9,58.0,7
2026-08-29,22:30,177.4,2.0,27.0,58.0,0
2026-08-29,23:00,176.3,2.3,26.7,30.0,11
2026-08-29,23:30,166.6,5.8,26.8,30.0,10
